PassengerId,Survived,Pclass,Sex,Age,SibSp,Parch,Fare,Embarked
1,0,2,male,15.35430481,0,0,45.95,S
2,1,2,female,36.62770382,0,1,40.58,S
3,1,3,female,34.0732631,1,0,85.25,S
4,0,2,male,43.40975484,1,3,35.28,S
5,0,2,male,18.92765492,0,0,60.31,S
6,0,3,male,30.47611335,2,2,11.44,S
7,0,2,male,10.88969486,0,0,45.35,S
8,1,3,male,39.82092695,2,0,92.99,C
9,0,1,female,37.26419653,0,0,19.49,S
10,1,3,male,36.94127029,0,0,60.4,S
11,0,1,male,30.02266644,2,1,51.61,Q
12,1,1,male,35.80682047,2,0,,C
13,1,3,female,52.46074752,0,2,34.84,C
14,0,1,male,26.0086804,0,0,5.58,S
15,0,3,male,31.94103257,0,0,136.84,S
16,0,2,male,14.79423181,0,1,66.73,Q
17,0,2,female,17.84434654,0,0,4.65,S
18,0,3,female,31.3693861,0,0,5.19,C
19,0,1,male,45.45506965,2,1,36.1,S
20,0,3,male,26.41206846,0,1,16.92,S
21,0,3,male,26.69716859,0,3,1.42,Q
22,0,3,male,24.30360658,0,1,31.2,S
23,0,3,female,22.51340661,0,0,19.63,S
24,0,1,female,34.12960038,0,1,,S
25,0,2,female,9.038392967,0,0,64.76,S
26,1,2,female,47.93315407,1,5,98.64,S
27,0,3,male,20.68408783,2,0,56.52,S
28,0,3,male,40.1066488,0,0,69.13,S
29,0,2,female,12.22001964,0,0,9.76,C
30,0,3,male,39.36376183,0,0,12.24,S
31,0,1,female,39.40722451,2,0,9.35,Q
32,0,3,male,35.37882901,1,1,57.94,S
33,0,3,male,16.07800069,0,1,118.2,S
34,1,3,female,33.49367465,0,0,50.47,S
35,1,3,male,13.43721341,1,1,85.3,C
36,1,2,female,26.46131443,0,0,40.72,Q
37,0,1,female,44.41178341,0,0,19.62,C
38,0,1,female,41.15382698,2,0,22.19,S
39,1,1,female,30.2125612,1,1,3.13,S
40,0,2,male,16.35270794,0,0,1.28,C
41,0,3,female,39.03822797,0,0,47.56,Q
42,0,3,male,30.27133733,0,0,23.08,Q
43,0,3,male,0.42,0,0,32.14,S
44,1,1,male,40.95681757,0,0,32.63,
45,0,3,male,29.66074033,0,0,12.99,S
46,1,3,male,46.83431747,1,0,25.84,S
47,0,1,male,14.66621274,2,0,25.45,S
48,0,3,male,0.42,0,2,19.67,S
49,0,3,female,33.90717402,0,0,68.74,C
50,0,1,male,34.08189147,0,0,24,
51,1,3,female,6.330597214,1,0,37.02,C
52,1,3,female,16.30100636,0,1,90.35,S
53,1,1,female,68.57304841,0,0,80.47,S
54,1,3,male,25.7214514,2,1,88.44,S
55,0,3,female,40.23342567,0,0,12.59,S
56,1,3,male,20.89076242,2,0,1.42,C
57,0,3,female,0.735759416,5,0,12.1,S
58,0,2,male,27.61638454,0,0,13.07,S
59,0,3,female,26.28153616,0,0,96.03,S
60,0,3,female,24.40170466,3,0,41.91,C
61,0,1,male,28.3950283,3,2,3.41,S
62,0,3,male,33.6997558,0,1,,S
63,1,3,female,27.89836268,0,0,6.77,C
64,0,3,male,12.30391365,0,0,,S
65,0,1,female,,5,0,,C
66,0,3,male,2.708795425,0,0,78.54,S
67,0,1,male,1.294995598,0,0,112.96,
68,1,2,female,40.34852693,1,1,9.01,C
69,0,1,female,37.09828381,0,3,14.83,S
70,1,2,female,29.19646489,0,0,10.99,S
71,1,3,male,10.46372093,0,1,17.77,S
72,0,3,female,20.08924683,2,0,98.45,S
73,0,1,male,26.32154553,0,0,34.24,S
74,1,3,male,7.65748444,1,0,53.61,S
75,1,3,female,19.65359879,0,0,26.94,C
76,1,3,male,39.13262473,0,0,1.17,C
77,1,1,male,49.9822751,0,0,2.65,S
78,0,3,male,24.12791346,0,0,30.88,S
79,0,3,female,40.59083696,0,0,50.75,S
80,0,3,male,3.203159012,1,2,9.7,S
81,1,1,female,39.23231738,1,0,51.19,S
82,1,1,male,18.74472219,0,0,66.57,S
83,0,3,male,34.30283863,0,0,21.23,S
84,0,3,female,26.53146614,0,0,54.88,S
85,0,3,male,48.48579614,1,0,20.7,S
86,0,3,male,17.75790092,0,1,45.37,C
87,1,1,male,38.78648817,0,0,57.76,C
88,1,3,male,26.08689551,0,2,192.77,S
89,1,3,female,27.78372331,0,0,16.95,C
90,0,2,male,27.4260455,0,0,21.18,S
91,0,3,female,18.16057654,0,1,7.24,C
92,1,3,male,29.80261448,0,1,9.13,S
93,1,1,male,29.12292489,1,5,47.29,C
94,0,3,female,33.37736348,0,0,99.58,S
95,1,2,male,31.18307204,0,2,20.07,S
96,0,3,male,41.17192369,0,1,7.93,S
97,0,3,male,42.92912062,0,1,13.42,S
98,0,3,male,15.29127349,0,0,24.28,S
99,0,3,male,42.16281501,0,0,13.74,S
100,0,2,male,13.39129002,0,2,,C
101,0,3,male,38.22998243,0,0,53.27,S
102,1,3,male,38.67634299,0,0,0.32,S
103,0,1,male,3.241563517,0,0,30.99,S
104,0,3,male,31.30170945,2,0,63.15,Q
105,1,3,male,,0,0,12.38,C
106,0,2,female,19.37728639,0,0,36.98,C
107,0,3,female,48.91193263,0,1,44.21,S
108,1,3,male,20.84849203,0,0,42.57,S
109,0,2,female,18.71072299,0,0,23.61,S
110,0,3,male,31.05972916,0,0,17.02,S
111,0,1,male,39.59825645,1,0,72.3,S
112,0,1,male,28.0169198,0,0,56.83,S
113,1,1,male,46.32918764,0,0,15.5,S
114,1,3,male,37.43365927,1,0,4.35,S
115,1,3,male,0.42,3,1,2.98,S
116,1,1,male,22.58746251,0,0,3.96,C
117,1,2,female,22.13421061,0,0,34.97,S
118,0,3,male,36.71105335,0,0,,C
119,1,1,male,0.42,0,0,16.43,
120,0,3,female,65.68613592,0,1,,S
121,1,3,male,,0,1,13.95,S
122,1,3,male,32.08427525,1,0,57.64,C
123,0,3,female,46.54194803,0,0,54.73,S
124,0,2,female,62.81115674,0,0,11.29,C
125,0,3,female,42.19045302,0,0,52.2,S
126,0,3,female,43.28338335,1,2,55.1,S
127,1,3,female,31.82966034,0,0,20.26,
128,1,1,female,28.01863945,0,0,9.45,S
129,0,3,male,23.33886378,0,0,29.46,C
130,0,2,male,18.43443212,0,0,101.73,S
131,0,1,male,20.3818026,0,0,40.82,S
132,0,1,male,11.0922165,0,0,7.59,
133,0,3,female,28.93779969,0,1,45.92,Q
134,0,3,male,6.414653919,0,0,22.29,S
135,1,3,male,32.67283134,0,0,35.81,C
136,0,3,male,29.49137149,0,0,52.98,S
137,0,1,female,32.05709418,0,2,28.94,C
138,1,3,male,22.69015802,0,0,67.28,S
139,0,1,female,73.07604518,0,1,51.23,S
140,1,3,male,49.0416226,0,1,38.19,S
141,1,3,male,12.576405,3,3,6.54,S
142,0,3,male,33.26015322,0,0,72.3,S
143,0,3,male,21.487914,0,0,109.9,S
144,0,2,female,15.79728383,0,0,5.89,S
145,0,3,female,11.238991,2,0,26.8,Q
146,0,3,male,36.05103367,1,0,11.98,S
147,0,3,male,20.46067671,0,0,56.18,S
148,0,2,male,43.54956434,0,4,51.15,S
149,0,3,female,43.912951,0,0,6.07,Q
150,0,3,female,49.23480139,0,0,,S
151,1,2,male,18.06658527,1,0,7.99,S
152,0,1,male,36.65511855,0,0,63.83,
153,0,3,female,38.85435903,0,0,24.42,S
154,0,3,male,23.36150555,1,0,15.92,S
155,1,1,male,19.1951926,1,0,6.89,S
156,0,1,male,52.53328932,0,0,7.34,S
157,1,1,male,33.18494226,0,2,43.38,S
158,1,2,female,38.90354851,0,1,31.98,S
159,0,3,female,18.49093583,2,3,5.21,S
160,1,3,male,12.93001747,1,0,4.78,S
161,0,3,male,22.02770316,0,0,3,Q
162,1,3,male,28.26370058,1,0,54.47,C
163,1,2,male,15.1009199,2,0,,S
164,0,3,male,29.86217268,0,0,2.41,
165,0,3,male,6.360927367,0,0,32.86,S
166,1,3,male,14.31933609,1,0,3.54,
167,0,3,male,39.39275748,0,0,93.63,S
168,0,1,male,38.45306728,0,1,95.06,S
169,0,3,male,24.51372528,2,0,47.92,Q
170,0,2,male,15.75129967,1,0,104.25,C
171,1,3,male,15.61635028,0,0,66.74,S
172,0,1,female,24.77424456,0,0,70.54,S
173,0,1,male,,0,0,33.73,Q
174,0,3,male,42.99543968,0,0,14.61,
175,1,1,female,23.0485557,0,0,9.83,Q
176,0,3,female,13.85110604,1,1,15.85,S
177,1,2,male,33.74981093,0,0,39.61,S
178,0,3,female,18.47051041,0,0,7.58,S
179,1,3,male,22.74446306,0,0,11.97,S
180,0,3,male,48.55386527,4,0,25.25,S
181,0,2,male,41.579616,0,1,10.61,S
182,0,1,female,32.21164037,0,0,35.53,C
183,1,1,female,12.19313398,0,0,102.65,C
184,1,2,male,,0,0,55.15,
185,0,3,male,44.87720207,0,0,43.92,C
186,1,3,male,24.74112868,0,1,34.96,S
187,1,3,male,,0,0,,C
188,0,3,male,48.09843405,0,0,8.26,
189,0,3,female,53.29225965,0,0,90.04,S
190,0,3,female,34.27340377,0,0,11.43,S
191,0,2,female,38.2234838,0,1,3.83,S
192,1,3,female,49.79862204,0,1,55.45,S
193,1,3,male,36.26351512,0,0,7.72,S
194,1,3,female,22.98272249,0,0,18.6,Q
195,0,1,male,23.72040029,0,0,1.15,S
196,0,2,male,33.33976935,0,0,5.9,S
197,1,3,male,,0,0,7.61,S
198,1,3,male,27.99437518,0,0,2.24,S
199,1,3,male,45.35165966,3,0,42.76,S
200,1,2,male,0.42,1,0,72.56,C
201,1,3,female,51.48274943,0,0,18.69,S
202,0,1,male,45.71323906,0,0,83.04,S
203,0,2,male,23.56329538,0,0,9.6,S
204,1,1,female,37.60747159,0,0,15.74,S
205,0,3,male,30.04406818,0,0,6.54,S
206,0,3,male,,0,0,38.76,C
207,0,2,male,43.757564,0,0,21.78,S
208,1,3,male,10.39900988,2,0,38,S
209,0,2,male,38.22167379,0,1,57.36,Q
210,0,3,male,27.12121005,1,0,,
211,0,3,male,31.15965599,1,0,39.51,S
212,1,3,male,19.80559339,0,0,109.49,Q
213,1,1,male,54.47391897,0,0,14.21,S
214,0,3,male,44.56086548,0,0,17.8,S
215,1,3,male,19.6432037,0,0,50.59,C
216,0,2,female,11.3154515,0,0,37.8,C
217,0,3,male,24.60058317,0,0,7.87,S
218,1,2,male,36.08303705,0,0,18.87,S
219,1,3,female,33.36288182,3,0,25.23,C
220,1,1,male,47.54385955,0,0,21.75,C
221,1,3,male,41.05887611,4,0,7.85,S
222,0,3,male,43.57396636,0,0,103.31,
223,0,1,female,34.57597561,1,1,57.47,S
224,0,2,female,10.54981778,0,0,,C
225,0,1,male,27.26022056,0,2,45.59,C
226,0,3,female,44.84125636,1,0,91.03,Q
227,1,2,male,29.278679,0,2,5.86,C
228,0,3,male,37.04326516,0,0,11.53,S
229,1,2,male,25.53752359,0,0,31.3,S
230,1,2,male,15.58263412,0,0,64.18,C
231,1,3,female,28.2731831,0,0,1.48,
232,0,1,male,34.3266642,1,0,165.45,S
233,0,3,male,20.82037193,0,0,,S
234,0,3,female,26.70004257,0,0,17.8,Q
235,0,3,male,16.84751461,2,1,13.85,S
236,1,3,male,45.66942885,0,0,7.66,S
237,0,3,male,25.87761939,0,1,62.73,S
238,0,1,female,,1,0,124.41,S
239,1,1,female,51.40246991,0,0,21.35,S
240,0,1,male,28.86535649,0,0,121.81,C
241,1,3,female,15.88171774,0,0,69.44,S
242,1,1,male,0.797429712,0,0,26.24,S
243,1,3,female,9.391480978,0,1,44.84,S
244,0,3,male,10.76631245,0,0,22.84,C
245,0,3,male,49.29857478,1,0,32.72,Q
246,1,3,female,31.62154422,0,1,2.39,C
247,0,1,male,,0,0,47.66,Q
248,1,3,male,0.42,5,2,2.17,S
249,1,3,male,13.22846999,1,4,,S
250,1,1,female,42.41911687,1,0,69.71,S
251,0,1,male,34.01483757,0,0,,S
252,0,3,male,27.9391261,1,0,15.64,C
253,1,3,male,37.90779302,0,1,26.26,S
254,0,3,male,52.90116929,0,0,36.32,Q
255,0,3,male,26.90540551,0,0,13.55,S
256,0,3,female,30.97117724,0,0,35.91,S
257,1,3,female,32.69635686,1,0,14.14,S
258,1,2,male,63.48953489,0,1,2.28,S
259,0,2,male,0.609012298,0,0,0.1,S
260,0,2,male,39.56512221,1,0,4.27,S
261,0,3,male,28.39276852,0,1,62.86,S
262,1,3,female,37.93480417,0,0,130.21,S
263,0,3,male,20.79678424,0,0,22.27,S
264,0,2,male,,0,0,28.75,S
265,1,3,female,39.95974811,0,0,6.35,S
266,1,3,male,73.58074281,5,0,32.03,S
267,1,3,male,41.31250665,0,2,6.25,S
268,1,3,male,18.12708163,0,0,37.79,S
269,0,1,female,,2,0,108.28,S
270,0,3,female,23.65220248,0,0,8.71,S
271,1,1,male,4.860995583,0,0,57.85,S
272,1,2,female,25.37873732,0,2,0.95,S
273,1,3,male,40.25960715,0,1,18.83,S
274,1,3,male,12.16075033,0,0,4.7,C
275,0,3,male,44.67875711,0,0,17.38,S
276,0,3,male,36.8288475,0,0,7.62,S
277,1,3,male,19.72073349,1,0,18.69,C
278,1,3,male,28.01858508,0,0,21.62,S
279,1,3,male,52.37650531,3,0,14.3,S
280,1,1,male,40.26966939,0,3,42.76,S
281,1,2,male,30.12297117,0,0,100.46,S
282,0,2,female,26.67243356,0,1,20.47,C
283,0,3,male,31.07252699,2,0,8.54,S
284,0,1,male,,0,0,12.63,S
285,0,1,male,,0,1,76.97,S
286,0,2,male,,1,0,33.91,S
287,0,3,female,32.17454999,0,1,24.28,
288,0,2,male,35.57406171,2,0,6.48,
289,0,3,male,29.1892915,0,0,23.89,C
290,0,1,female,19.70836479,1,1,13.06,C
291,0,3,male,27.39705727,3,0,114.7,S
292,0,2,male,7.608473329,0,1,86.19,Q
293,1,1,male,61.87921097,0,2,3.51,S
294,0,3,female,12.71683202,0,0,29.08,S
295,0,1,male,15.55247203,2,0,10.2,C
296,0,1,male,23.83637114,0,0,21.16,S
297,1,1,male,48.03306015,0,0,83.77,C
298,0,1,male,30.20312599,1,1,29.99,S
299,1,1,male,12.69409886,0,0,16.27,S
300,0,2,male,47.56073705,0,0,9.32,C
301,0,3,male,40.23400877,0,0,64.44,S
302,0,3,female,37.5380894,0,0,39.18,S
303,0,3,female,40.02027938,0,1,25.25,S
304,1,2,male,63.52106661,0,0,9.81,C
305,1,3,female,60.59132853,0,2,16.27,S
306,1,2,male,20.3859852,1,0,128.6,S
307,0,1,male,52.7343899,2,0,29.37,S
308,0,3,male,35.36435466,0,0,,S
309,1,1,female,36.98734143,0,0,29.48,C
310,0,2,female,6.308208357,1,3,60.38,S
311,0,3,male,27.61459928,0,0,,S
312,0,3,female,18.62046974,0,0,7.87,S
313,0,3,male,41.59282341,0,0,35.17,S
314,1,3,female,44.99512701,0,0,43.77,S
315,1,3,female,0.957191086,2,0,49.89,S
316,1,1,male,29.6915119,0,0,85.48,S
317,0,2,female,45.70606107,0,0,18.56,S
318,0,2,male,,0,0,3.13,C
319,0,2,male,40.20689103,2,2,127.14,C
320,0,2,male,34.91631655,0,0,22.84,S
321,0,3,male,34.78324325,0,0,39.05,S
322,1,3,female,26.20159031,0,0,43.9,Q
323,1,3,female,12.96786874,0,0,31.63,S
324,0,2,male,14.29857794,0,2,9.19,S
325,1,3,female,39.9309352,0,0,56.28,C
326,1,3,female,30.27241558,0,0,65.14,S
327,0,3,male,28.06082858,0,0,32.21,S
328,0,1,female,24.06553941,0,0,26.82,S
329,0,3,male,25.72735616,1,0,4.84,S
330,0,1,female,44.65676512,1,0,3.51,C
331,0,2,male,25.30658285,1,0,16.59,S
332,1,1,male,11.22509401,1,0,14.89,S
333,0,3,male,40.41112486,0,1,122.87,Q
334,0,3,male,27.13172671,0,0,61.23,Q
335,0,1,male,30.43954212,0,1,43.14,S
336,0,2,male,52.50609629,1,0,29.16,S
337,1,3,male,,4,1,7.33,S
338,1,2,female,34.04857142,0,0,153.51,C
339,0,1,male,13.49507112,0,0,18.8,S
340,0,2,male,26.92462767,0,0,,S
341,0,3,male,38.53336463,0,0,27.23,
342,0,1,male,8.224767726,0,0,82.86,S
343,0,1,female,32.8118313,0,0,87.32,S
344,0,2,female,31.41107502,3,0,0.44,S
345,0,3,male,30.57802438,0,0,86.97,S
346,0,3,male,44.52022458,2,0,12.67,S
347,1,3,female,34.68213921,1,1,1.59,S
348,0,2,male,50.69300658,1,0,75.3,S
349,0,3,female,16.08974678,0,0,79.76,S
350,1,1,male,31.90294394,0,0,36.28,C
351,0,3,female,31.18253501,0,0,34.17,S
352,1,3,male,15.03043709,0,0,67.09,S
353,1,3,male,43.38813003,0,1,61.73,S
354,0,3,female,62.54542628,4,0,88.33,S
355,0,3,male,29.76191496,1,0,32.19,S
356,1,1,male,37.07029524,1,0,137.24,S
357,0,3,male,31.18325866,2,0,222.35,C
358,0,1,male,20.00981462,0,1,4.96,S
359,1,3,male,4.509356111,0,1,75.76,S
360,0,1,male,20.11917124,0,0,27.71,S
361,0,1,male,10.51258267,0,0,19.61,C
362,1,2,male,53.85742909,1,0,37.98,S
363,0,2,female,28.38846429,0,0,2.3,C
364,0,3,male,25.15712939,0,0,28.25,S
365,1,3,male,42.44815355,0,0,81.88,C
366,0,1,female,14.29548456,0,0,9.6,C
367,1,1,male,19.26390347,0,0,22.23,Q
368,1,3,male,30.95301177,1,0,112.19,S
369,0,2,male,44.40276588,0,0,22.38,
370,0,3,male,37.02359063,0,0,17.75,S
371,0,3,male,33.476552,0,1,23.23,Q
372,0,3,male,31.09364829,0,0,29.31,S
373,0,3,male,35.60330198,0,0,39.99,S
374,1,2,male,32.82314067,4,1,64.52,S
375,0,3,male,15.58038815,0,1,24.07,S
376,0,2,male,30.6451091,0,0,68.04,S
377,1,2,male,14.96835878,0,0,30.52,S
378,0,3,female,31.1351556,0,1,16.53,S
379,1,2,male,,0,0,42.91,S
380,0,3,male,65.55134272,0,0,50.59,Q
381,0,3,male,29.44147863,0,1,32.66,C
382,1,3,male,,2,0,2.33,C
383,1,3,male,,0,0,7.45,S
384,1,2,male,37.27102244,0,0,13.44,C
385,1,2,female,53.42709525,0,0,13.29,S
386,1,3,male,21.7476664,0,0,44.76,S
387,0,2,female,7.846008364,2,0,0.74,S
388,0,3,male,41.43571816,2,0,56.37,S
389,1,3,male,10.67161812,0,0,12.33,S
390,1,3,male,23.89382382,2,0,14.84,
391,1,2,male,26.3933132,1,0,30.02,S
392,0,1,male,29.02513165,3,2,9.73,S
393,0,2,male,39.6483024,0,0,86.33,S
394,1,1,male,20.42912005,0,5,3.57,S
395,0,3,female,26.16779047,0,0,23.51,S
396,1,2,female,29.80021506,1,1,75.73,S
397,1,1,male,32.09437141,0,0,38.27,C
398,0,1,male,31.36958045,0,0,13.83,S
399,1,3,male,36.10408085,0,1,21.84,S
400,1,3,male,41.81375313,0,1,,S
401,0,2,male,35.49687762,0,0,144.86,C
402,1,1,male,36.35019733,1,0,89.45,C
403,0,2,male,7.848875666,0,0,16.77,S
404,1,2,male,30.70318779,1,1,252.75,S
405,0,3,female,36.71310567,0,0,0.14,S
406,1,3,female,40.20517672,0,0,1.12,C
407,0,2,female,20.30708916,0,0,69.45,C
408,0,1,male,20.77345015,0,0,8.9,S
409,1,3,male,21.96259055,0,1,2.51,S
410,0,3,male,37.5097946,0,0,,C
411,0,3,male,44.47433477,0,0,22.21,S
412,1,1,male,24.2955585,1,0,52.46,S
413,1,3,female,42.71147239,0,0,39.16,S
414,0,1,male,31.72871733,0,0,10.85,S
415,1,3,male,28.25999912,0,0,27.99,Q
416,0,3,male,27.04062078,0,2,104.26,S
417,0,2,male,40.4525591,0,0,67.5,S
418,0,1,male,,0,0,15.61,S
419,1,1,male,61.86155599,0,0,161.29,S
420,1,2,male,18.068855,0,0,49.33,S
421,1,1,male,37.25342383,0,2,2.58,S
422,1,1,female,22.59118586,1,0,1.43,S
423,0,3,male,17.82998218,0,0,7.38,S
424,0,3,female,29.84786008,0,0,52.06,C
425,0,2,male,31.92293471,1,0,8.12,S
426,0,3,male,70.85442977,0,0,28.66,S
427,0,1,male,,0,1,3.92,Q
428,1,3,male,14.17749779,0,0,101.47,
429,0,2,male,33.82215004,0,0,16.86,C
430,0,3,female,0.955039474,1,0,95.5,S
431,0,3,female,28.71260504,0,0,115.93,C
432,1,3,male,30.22435395,3,0,0.25,C
433,0,3,male,41.12440536,1,1,24.95,S
434,0,2,female,43.63071149,0,0,1,C
435,0,3,male,22.95002534,0,0,95.74,Q
436,1,2,male,27.8914038,0,0,29.23,S
437,0,2,male,19.27430837,0,1,3.12,S
438,1,2,female,14.20712423,0,0,4.67,S
439,1,3,female,34.33852691,0,1,,
440,0,1,male,12.16980232,0,0,,S
441,0,3,female,24.19522339,0,2,47.22,S
442,1,3,female,16.06756456,4,0,80.88,S
443,0,3,male,37.69556461,0,0,18.26,
444,0,3,male,55.22002139,3,0,1.77,S
445,1,2,male,11.77776824,2,0,146.48,S
446,1,2,female,4.057741239,0,0,0.69,
447,1,2,male,28.25158361,1,0,117.99,S
448,1,1,female,30.21976914,0,0,18.4,S
449,0,1,male,33.06123029,0,0,0.41,S
450,0,2,female,23.75151279,0,2,46.74,S
451,1,2,male,,0,0,157.58,S
452,0,3,male,35.14514575,0,1,134.82,S
453,0,3,female,44.5660325,0,0,7.02,S
454,1,2,female,2.629317216,0,0,8,S
455,0,3,female,24.83484785,0,0,33.35,S
456,0,1,male,32.99332312,0,0,40.57,S
457,0,2,female,17.14833454,0,3,53.79,Q
458,0,3,male,54.23637484,0,0,,S
459,0,3,male,21.10426168,0,1,127.77,C
460,0,2,male,29.42190238,0,2,40.73,C
461,0,3,male,37.78430936,0,0,75.1,S
462,1,3,male,21.72201296,1,2,31.07,S
463,1,3,female,4.147977331,0,0,21.4,S
464,0,3,male,23.99883662,0,2,151.21,S
465,1,3,female,44.41216778,0,0,34.9,S
466,0,1,male,25.28346823,2,0,80.66,C
467,0,2,male,18.14991978,0,1,,S
468,1,1,male,42.95941093,0,0,45,C
469,0,3,female,25.36915146,0,0,31.85,S
470,1,3,female,22.85774861,0,0,0.14,C
471,0,1,female,32.09238526,0,0,1.63,S
472,1,3,female,40.79050293,0,0,8.97,S
473,0,3,male,63.34398944,5,1,8.23,S
474,1,3,male,41.58130551,0,0,,S
475,0,3,female,,0,0,14.55,S
476,1,3,male,22.91647321,1,0,17.86,Q
477,0,1,male,,0,0,21.83,S
478,0,3,male,30.87263889,1,0,4.16,Q
479,1,1,male,31.50037881,0,1,1.73,S
480,0,3,male,14.90082162,1,2,44.83,C
481,1,2,male,27.54587658,0,0,30.83,S
482,1,3,male,35.59044642,1,0,23.49,S
483,0,3,male,35.04550753,1,2,40.25,C
484,1,1,male,37.06002995,0,1,70.34,S
485,0,3,male,34.07350622,0,0,22.32,S
486,1,3,female,22.90187877,0,0,40.99,S
487,0,3,male,22.80539123,4,2,122.79,S
488,0,3,male,13.21468043,0,0,73.21,S
489,1,3,female,54.98685055,0,0,22.21,S
490,1,2,male,30.1883051,0,0,41.39,S
491,0,2,male,26.85205722,0,0,7.8,S
492,1,1,female,16.99691086,0,0,32.89,S
493,0,3,male,71.09921063,3,0,159.23,
494,0,2,female,14.97340755,0,0,29.22,S
495,0,3,female,23.99612904,1,0,105.04,C
496,0,3,male,35.82171571,0,0,20.93,C
497,0,3,male,38.40298152,0,0,270.54,S
498,0,3,male,43.41104877,0,1,34.63,C
499,1,3,male,55.30651911,0,4,1.73,S
500,1,2,male,37.08620718,3,0,35.35,C
501,1,3,male,15.2155688,1,0,12.84,S
502,0,3,male,26.40276825,0,2,1.32,S
503,0,3,male,34.30965322,0,0,68.78,S
504,1,3,male,58.95516458,0,0,12.9,S
505,1,1,male,10.4307233,2,0,63.69,S
506,0,1,male,46.83607107,1,0,13.6,S
507,1,3,female,32.51880117,1,1,8.64,S
508,1,2,male,41.72962749,0,1,145.89,
509,1,3,male,28.57207397,0,0,17.95,S
510,1,3,female,18.20594318,0,0,36.79,S
511,0,1,male,40.51221891,0,0,37.66,S
512,0,3,male,39.16203438,0,0,32.88,S
513,1,2,male,43.60879752,0,0,98.46,
514,1,3,male,29.8137351,0,0,44.89,Q
515,0,3,male,21.60249167,2,0,20.68,Q
516,0,3,male,8.17698207,1,2,79.33,S
517,0,1,male,41.47122575,0,0,7.99,S
518,1,3,female,35.93445275,0,0,31.43,S
519,1,3,male,16.47904314,0,0,120.27,Q
520,0,3,male,22.45996857,1,0,39.28,S
521,0,3,female,23.46537663,1,0,67.92,S
522,0,1,male,9.238217952,1,0,42.4,
523,1,2,female,18.55244645,1,0,73.15,S
524,1,2,male,,0,1,115.65,S
525,1,3,female,24.22529383,0,5,12.75,S
526,0,2,male,19.65823502,0,0,,S
527,0,1,female,7.221931108,0,0,,S
528,0,3,female,58.31626323,1,0,48.41,S
529,0,1,male,47.53557023,0,0,10.31,S
530,1,3,male,19.0937281,0,0,0.16,S
531,1,3,male,33.81389955,0,1,16.8,C
532,1,3,male,35.84451126,4,0,138.77,S
533,1,2,male,46.67520197,0,0,47.49,S
534,0,1,male,18.53952963,0,0,20.52,S
535,1,3,male,45.28949498,0,2,8.56,S
536,1,3,male,22.32932574,0,1,17.61,S
537,1,3,male,11.29792634,0,0,7.45,S
538,0,1,male,40.13791183,1,0,4.5,S
539,0,3,male,48.07061794,0,0,94.9,
540,0,3,male,66.23072563,2,0,242.14,S
541,1,3,male,13.20384629,0,0,7.17,S
542,0,3,male,39.78487559,0,1,2.24,S
543,0,3,male,24.26278259,3,0,16,S
544,1,3,male,40.96702195,0,4,,S
545,0,1,male,9.413146283,0,0,9.17,
546,0,3,female,12.32122314,1,1,14.35,S
547,0,1,male,19.13775248,0,1,8.97,S
548,1,2,male,31.10549664,1,0,59.53,S
549,0,2,female,21.02486227,0,0,49.87,C
550,1,1,female,39.22676081,0,0,40.31,C
551,0,2,female,44.37652466,0,1,19.59,S
552,1,1,male,38.39408558,1,0,95.89,S
553,0,3,male,52.66302696,0,0,139.64,S
554,0,3,female,35.82157281,1,0,7.63,S
555,1,1,male,12.96344606,3,0,10.09,C
556,0,3,male,49.08727119,0,0,29.83,C
557,0,3,female,21.5278127,0,0,3.83,C
558,0,2,female,42.745859,0,0,22.94,S
559,1,1,female,52.03227903,0,0,34.87,S
560,1,3,female,36.39363215,0,1,29.53,C
561,1,3,female,9.053776616,0,2,16.07,S
562,0,3,male,17.14502967,4,0,31.27,C
563,0,1,female,48.51842254,3,0,127.57,S
564,0,1,male,27.6322824,2,0,9.23,S
565,0,2,male,31.11402949,2,0,42.55,S
566,0,2,female,40.62354183,0,0,1.77,S
567,0,1,male,39.74852007,0,0,2.75,S
568,0,2,male,33.90319737,2,0,32.1,S
569,1,3,male,27.0786428,0,0,4.43,S
570,0,3,female,25.62264176,3,0,,S
571,0,2,male,42.01058355,0,1,,S
572,1,3,female,37.74997343,0,0,33.28,S
573,0,2,male,26.39779999,1,0,48.61,C
574,1,3,female,45.14957238,3,1,9.05,S
575,1,1,female,28.19352239,0,1,44.14,S
576,1,3,male,18.07672956,1,0,8.06,Q
577,0,3,male,19.37441022,0,0,38.02,Q
578,1,3,male,16.29762829,0,0,21.24,S
579,0,2,female,26.18625977,1,0,42.43,C
580,0,3,male,47.2721399,0,0,212.36,
581,0,1,female,18.72866747,0,0,111.11,S
582,1,3,male,32.63866065,0,1,0.17,S
583,0,3,female,20.80634916,0,0,86.67,S
584,0,2,female,26.35567342,0,4,2.75,C
585,1,3,female,8.859423032,0,1,122.34,S
586,0,3,female,26.91246479,0,2,,Q
587,0,1,male,27.28812468,3,0,19.25,S
588,0,3,male,37.56403122,0,1,3.84,S
589,0,2,female,33.12593279,1,0,4.76,S
590,0,3,female,13.22251025,0,0,51.89,Q
591,0,3,male,45.17877542,0,0,,S
592,1,3,male,32.94424256,0,0,37.74,C
593,0,3,male,32.77750924,0,1,50.33,Q
594,0,3,male,29.87144705,0,1,,S
595,1,1,male,22.75139574,0,0,,S
596,0,3,male,33.04923276,0,0,1.85,C
597,1,2,female,36.6582381,0,0,0.07,Q
598,0,3,male,5.543460321,0,0,17.27,S
599,0,2,male,22.45734828,0,1,,S
600,0,1,male,26.43074241,0,0,2.57,
601,0,3,male,33.58638848,3,2,,S
602,0,1,female,46.70635408,0,0,5.32,S
603,0,3,female,19.1956286,0,0,98.55,S
604,0,2,male,23.02853414,0,0,6.05,S
605,0,1,female,22.82452245,2,0,30.86,S
606,0,3,female,18.77861374,0,0,35.97,S
607,0,1,female,25.13938907,1,1,31.37,S
608,0,2,male,40.79123108,0,1,4.17,S
609,0,3,female,15.24630306,3,0,,S
610,1,1,male,35.98940153,1,0,,S
611,0,3,male,6.17336878,1,0,20.15,S
612,1,1,male,22.14126805,0,0,8.36,S
613,1,2,male,25.3871498,0,0,32.99,S
614,0,3,male,53.44803542,0,0,47.21,C
615,1,2,male,26.15276773,0,1,30.38,S
616,1,1,male,0.42,1,0,22.78,S
617,0,2,female,2.015555304,0,2,19.6,C
618,0,2,female,30.47641421,0,0,73.73,S
619,1,3,male,38.59279198,0,2,9.91,Q
620,1,2,female,35.25638201,0,0,53,S
621,0,3,female,32.34598148,0,0,56.67,S
622,0,3,female,46.27163437,1,3,21.73,S
623,0,2,male,22.44572291,0,0,14.11,S
624,0,3,female,42.52874778,0,0,25.44,S
625,0,2,female,7.15179161,0,0,3.91,S
626,0,3,female,17.33073034,0,1,1.88,S
627,0,1,male,,0,1,4.73,C
628,1,3,male,26.15216579,0,0,8.29,S
629,0,3,male,29.35234296,1,0,28.06,S
630,0,2,male,31.59742089,1,5,75.66,S
631,1,3,male,30.86636694,1,0,10.75,S
632,1,3,male,17.01425337,0,0,109.43,S
633,0,1,female,27.33662818,3,0,123.96,S
634,0,1,female,9.03574664,1,0,127.67,S
635,0,3,male,49.08520565,2,0,72.7,Q
636,0,3,female,25.74923498,0,0,18.09,S
637,0,3,male,23.15559433,3,0,3.02,S
638,0,3,female,52.2451646,1,0,33.65,
639,0,3,female,12.60854853,1,0,32.72,S
640,0,3,female,14.2417804,0,0,75.88,S
641,0,2,female,14.65291545,1,1,220.77,C
642,0,1,male,29.04980066,3,0,,Q
643,0,3,female,36.04284281,0,0,,S
644,0,3,male,40.35545655,0,2,8.23,S
645,0,1,female,66.00793444,3,0,0.19,S
646,1,2,female,0.42,0,0,28.46,S
647,0,3,female,38.52229825,0,0,32.43,S
648,1,3,male,22.20017198,0,0,69.7,S
649,1,2,female,21.79018792,3,1,28.09,S
650,0,3,male,21.3231902,0,2,99.3,S
651,0,1,male,17.27722461,0,1,39.56,C
652,0,2,female,53.58334768,1,0,73.39,C
653,0,2,male,41.79216258,1,0,6.42,S
654,1,1,female,,0,0,77.33,S
655,0,3,male,48.91422053,2,0,44.97,
656,0,2,male,8.824594486,3,0,7.46,S
657,0,3,female,11.37012816,0,0,8.42,C
658,0,3,male,0.42,0,0,104.42,S
659,1,1,male,20.20819644,0,1,1.31,S
660,0,3,female,32.26377937,0,0,24.84,S
661,0,3,male,31.44002009,0,0,,C
662,1,3,male,32.09078675,2,0,43.75,S
663,0,1,male,10.24520437,1,0,73.21,S
664,0,3,female,41.2441664,0,0,17.88,S
665,0,3,female,33.35478526,0,0,22.27,C
666,0,2,female,40.26275994,0,0,160.51,Q
667,0,1,male,3.501329514,0,1,61.28,Q
668,0,3,female,34.36087202,0,2,91,Q
669,0,3,female,,2,0,23.1,S
670,0,2,female,24.43747446,2,0,10.67,S
671,0,3,male,37.48110858,0,0,21.23,S
672,1,2,female,31.27531049,2,2,50.36,S
673,0,3,female,18.07844028,0,0,4.64,C
674,0,1,male,30.08782419,1,0,12.61,C
675,0,3,male,8.558505587,0,1,1.91,S
676,1,2,female,46.10374354,0,0,22.65,S
677,0,2,male,27.12602373,2,0,70.28,Q
678,0,1,female,45.65969922,0,0,1,S
679,1,1,female,22.62855638,1,0,45,S
680,1,3,male,22.66993616,0,0,107.82,S
681,1,2,male,19.30138499,0,0,10.82,S
682,0,3,male,42.26643504,0,1,47.32,S
683,0,1,female,20.0679638,0,0,147.72,S
684,1,2,male,39.02433605,1,0,131.1,S
685,1,2,female,24.64566643,0,0,10.71,Q
686,0,1,male,2.336513802,1,1,4.23,S
687,0,1,male,22.01560305,1,0,6.42,S
688,0,2,male,13.492485,1,0,48.43,Q
689,1,3,male,30.47463813,0,0,51.75,S
690,0,2,female,13.3342917,2,1,44.86,S
691,0,3,male,42.96365141,0,0,16.38,C
692,0,3,male,28.72493796,0,0,7.44,S
693,0,1,male,27.51365607,0,0,34.77,C
694,0,3,male,39.18248993,0,1,26.44,S
695,0,3,male,43.49469708,0,0,52.2,S
696,0,3,female,29.71861748,0,0,23.29,S
697,0,3,male,19.20319581,0,1,16.54,S
698,0,2,male,5.164425374,0,1,13.9,
699,0,3,male,20.3953034,1,0,9.5,S
700,0,3,female,21.35902855,0,2,12.36,Q
701,0,3,male,31.49880434,0,0,3.99,C
702,0,3,male,,0,0,17.04,S
703,0,1,female,39.63106161,1,1,1.49,C
704,0,1,male,21.4182342,0,0,8.25,
705,0,3,male,29.20142366,0,0,54.94,S
706,1,3,male,46.5758242,0,0,15.75,C
707,0,1,female,34.785553,1,0,44.13,S
708,1,2,male,29.15947442,0,0,50.48,S
709,0,1,female,21.57277781,1,0,34.81,S
710,1,2,male,21.13476045,0,1,127.47,S
711,1,3,male,18.09141446,0,0,0.87,S
712,0,3,male,22.42590388,0,0,53.68,
713,0,2,male,40.57932174,0,2,127.56,S
714,0,2,female,26.8935642,0,0,79.3,S
715,0,1,male,11.10317703,0,0,7.35,S
716,1,2,male,54.7543701,0,0,15.83,S
717,1,3,male,34.47951268,0,0,7.57,S
718,1,3,female,10.30279239,0,0,36.78,C
719,0,3,male,23.81411502,1,0,49.82,S
720,1,1,female,31.55240936,0,0,15.25,S
721,1,3,male,53.86428931,0,0,31.02,S
722,0,3,male,14.48642558,0,0,46.97,S
723,0,3,male,43.66457007,0,1,21.88,S
724,1,3,male,49.59280998,0,1,76.97,
725,0,2,male,,0,0,59.06,Q
726,1,2,male,26.11480934,3,0,2.67,C
727,0,1,female,15.49167054,1,3,38.82,Q
728,1,1,female,27.15154402,0,0,10.73,S
729,0,2,female,29.48774036,1,1,32.61,S
730,0,3,male,39.23509997,1,0,125.76,C
731,0,3,male,,0,2,84.5,S
732,1,3,male,19.5266551,1,0,20.74,C
733,1,1,female,2.457449101,0,0,13.78,S
734,0,3,female,,0,0,10.68,Q
735,0,3,male,34.10952542,0,0,30.42,S
736,1,3,male,33.49184763,0,0,4.85,C
737,0,3,male,25.42657453,0,0,31.88,
738,1,3,male,31.7465294,0,0,0.05,S
739,0,3,male,51.21622732,3,0,15.65,
740,0,1,male,35.34427837,2,0,,C
741,0,2,female,24.77284205,2,0,141.92,C
742,0,1,male,22.99723056,1,0,51.97,S
743,1,1,male,27.62206699,3,0,17.21,S
744,0,1,female,,0,0,3.9,S
745,0,3,male,27.43379007,0,0,29.09,Q
746,1,3,male,29.72287918,0,0,9.6,S
747,0,3,male,23.24761001,1,0,30.75,S
748,0,1,male,45.385767,0,0,72.16,S
749,1,3,male,57.43772157,1,0,38.26,S
750,1,3,female,36.30858269,0,0,40.18,S
751,0,2,male,31.15882065,0,2,31.15,S
752,1,3,male,30.51495966,1,0,104.84,Q
753,1,2,female,0.42,0,0,107.47,C
754,0,2,male,40.4321121,0,0,28.76,S
755,0,3,female,31.87832982,0,0,14.6,Q
756,1,2,female,35.99678871,0,0,24.62,S
757,1,3,male,20.03952928,1,0,8.26,S
758,0,3,female,24.61760369,0,2,40.46,S
759,1,3,male,24.24565089,0,2,27.73,S
760,1,1,female,44.30272178,0,1,4.36,C
761,0,1,male,,1,0,8.81,S
762,0,1,female,59.15724451,0,0,26.13,S
763,0,3,female,36.03207387,0,0,87.42,C
764,1,2,male,12.14044276,1,2,33.42,S
765,0,1,male,28.20035189,0,0,45.77,C
766,0,3,female,20.87654829,2,0,16.56,C
767,1,3,female,0.42,0,0,33.89,S
768,1,2,male,52.39259316,0,0,23.72,C
769,0,3,female,39.84399559,0,2,43.05,S
770,1,3,male,37.46490245,3,0,2.08,S
771,0,1,male,32.31565124,1,0,27.19,S
772,1,2,male,10.65175404,0,0,,S
773,0,3,male,23.22936005,0,1,15.79,Q
774,0,3,female,41.78493085,1,0,129.68,S
775,1,3,male,15.28291958,1,1,8.07,S
776,0,2,female,0.42,1,0,14.91,Q
777,0,1,male,26.82051589,0,1,28.53,S
778,1,1,male,28.01539424,1,0,79.52,S
779,1,2,male,31.89788783,0,0,21.56,S
780,1,1,male,40.19926101,0,0,54.48,C
781,1,1,male,38.92648137,0,0,77.62,S
782,0,3,male,33.62277727,4,0,14.84,S
783,0,3,male,46.73743943,0,1,19.95,
784,0,3,male,8.734423069,0,0,17.64,S
785,0,3,male,37.0641454,0,0,71.56,S
786,1,2,male,38.77153709,0,0,1.81,S
787,0,3,female,,1,0,14.75,S
788,0,1,female,8.959811478,1,1,45.5,S
789,0,3,male,19.55681023,0,0,33.34,S
790,1,3,male,20.7384198,5,2,22.93,C
791,0,3,male,40.54787249,1,2,31.06,S
792,0,3,female,21.39645703,2,0,8.81,S
793,0,3,male,18.01112074,0,0,22.54,S
794,0,2,male,21.43712769,1,1,27.86,S
795,0,2,male,45.66085268,0,0,92.58,S
796,1,3,male,30.18260724,0,0,12.09,S
797,1,1,male,,2,0,80.95,S
798,0,3,female,28.45992302,0,0,41.34,Q
799,1,3,male,48.08884468,0,1,0.82,S
800,1,1,male,,1,0,,C
801,1,3,male,48.41711607,1,0,1.45,S
802,0,3,male,32.94694818,0,2,237.8,Q
803,0,3,female,27.75412865,1,0,82.43,S
804,0,3,male,65.01260697,1,0,14.12,S
805,0,3,female,15.22104714,0,1,11.9,C
806,1,3,male,25.04839937,1,0,19.21,S
807,1,3,male,12.74596265,0,0,17.61,S
808,1,1,female,43.33446759,0,0,18.63,S
809,0,3,male,53.64864507,0,0,15.33,C
810,0,3,female,53.37891894,0,0,38.82,S
811,1,2,male,47.13528254,0,0,7.18,C
812,1,3,female,27.23331345,1,4,,S
813,0,3,male,24.88662632,1,0,66.94,S
814,1,1,male,6.603623185,0,2,25.89,S
815,1,3,female,58.50222949,1,2,76.62,S
816,0,3,female,36.56569309,0,0,11.36,S
817,0,3,female,23.11260333,0,1,0.71,S
818,0,1,female,48.59279645,2,0,,S
819,0,1,female,16.38129677,0,2,24.49,S
820,0,2,male,35.69270848,0,0,33.5,S
821,1,3,male,,1,0,91.84,C
822,0,1,male,38.94147996,0,0,,S
823,0,3,male,29.10997045,2,0,40.25,C
824,0,1,male,,0,0,57.77,S
825,0,2,male,31.05806922,0,0,3.5,C
826,1,3,male,44.68409799,0,0,7.01,S
827,0,3,female,29.59097032,0,0,52.85,S
828,0,1,male,40.8516117,0,0,22.58,C
829,1,2,male,15.3625872,0,0,23.62,
830,0,1,male,29.63234889,2,0,14.76,S
831,0,3,female,21.25685363,2,0,37.39,S
832,0,3,female,40.45773176,0,1,8.19,S
833,0,1,male,30.44088187,0,4,39.44,S
834,0,2,male,39.66103147,0,0,7.64,C
835,0,2,male,45.22794597,3,0,2.64,S
836,0,3,male,,5,0,16.04,C
837,1,3,male,33.82365808,0,0,10.51,
838,0,1,male,16.02502838,1,0,87.93,C
839,0,3,male,29.96099445,0,1,2.26,Q
840,1,2,male,22.53673437,0,0,7.77,S
841,0,2,female,25.18310461,0,1,31.83,S
842,1,3,female,24.75652189,0,0,26.24,C
843,0,3,male,16.28104195,0,0,1.88,
844,1,3,male,2.597259752,0,0,0.29,S
845,0,3,male,20.64599732,1,0,177.14,S
846,0,2,male,32.70731233,0,0,43.02,S
847,0,3,female,11.12552136,0,1,18.19,C
848,1,2,male,30.21955131,0,0,25.43,S
849,0,3,female,56.60375794,0,1,12.4,
850,0,2,male,44.32279177,0,0,16.92,S
851,0,3,female,53.00958113,0,0,41.88,C
852,1,2,male,35.47579028,0,0,85.76,S
853,0,1,female,46.34513752,0,0,8.14,S
854,1,3,male,,0,0,73.39,S
855,0,1,male,20.97923626,0,0,,C
856,0,3,male,0.42,0,0,9.68,S
857,0,1,male,46.60603664,1,0,1.52,C
858,0,1,female,51.56453572,0,0,6.07,S
859,0,1,female,22.25551857,0,0,99.7,
860,0,1,female,26.44467611,0,0,24.61,C
861,1,3,male,,0,2,3.23,S
862,0,2,female,35.35714972,0,0,128.48,S
863,0,3,male,45.74905563,0,0,84.48,S
864,0,3,male,5.601192366,0,0,56.21,S
865,0,2,male,35.73213943,2,0,108.41,S
866,0,3,male,26.1265952,0,0,9.95,S
867,0,3,male,31.58752149,0,2,72.41,S
868,0,3,male,,0,0,46.85,S
869,1,2,male,27.36516586,3,1,81.53,Q
870,1,2,female,28.54978405,1,0,63.76,S
871,0,3,male,27.00574765,0,0,17.02,S
872,0,3,male,43.58442683,1,0,59.56,S
873,1,3,male,35.86263944,0,0,12.18,C
874,0,2,male,33.08816953,1,0,15.94,S
875,0,3,male,12.2066759,1,0,4.57,S
876,0,3,male,24.6998836,0,0,109.38,Q
877,1,3,male,42.58136824,1,3,13.76,S
878,1,1,female,30.52775202,0,0,29.41,S
879,0,3,male,39.23344057,0,1,19.86,S
880,0,1,female,54.7311652,0,0,128.68,S
881,0,2,male,44.54048497,1,0,16.32,C
882,1,3,male,31.30421673,0,2,60.3,S
883,0,1,female,22.84615162,0,1,77.36,S
884,0,1,male,0.42,1,1,22.88,S
885,1,1,male,27.64261109,0,0,19,C
886,0,3,female,,0,0,55.09,S
887,1,3,male,35.46512672,0,0,,S
888,0,2,female,27.84532682,0,0,56.25,S
889,0,3,male,25.51460917,0,0,10.31,S
890,0,3,female,5.088414973,0,1,87.68,S
891,1,2,male,16.84045039,4,1,,S
892,1,3,male,36.67311457,1,0,34.34,S
893,1,3,male,54.02270684,0,0,71.22,S
894,0,3,male,28.63464463,0,1,8.35,S
895,1,1,male,34.58935503,0,0,,S
896,0,3,male,43.3346942,0,0,36.27,S
897,0,3,male,18.64748489,0,0,89.52,
898,1,2,male,35.13539661,0,0,7.55,S
899,0,2,male,19.63313851,1,4,21.84,S
900,0,1,female,42.10754214,0,0,71.55,S
901,0,1,male,32.11964267,0,0,0.78,
902,0,3,male,34.1783254,2,0,4.76,S
903,0,1,male,19.04361964,0,1,186.53,S
904,0,2,male,39.89845303,0,1,13.16,S
905,0,3,female,,1,0,148.43,S
906,1,1,male,15.88923626,0,0,8.06,C
907,1,3,female,25.24337389,1,0,17.92,S
908,0,1,male,33.24250464,0,0,55.91,S
909,0,2,female,41.00968697,1,0,42.89,C
910,0,2,male,22.16635201,3,0,34.81,S
911,0,1,female,0.42,2,0,30.19,C
912,0,1,male,49.02865292,2,0,74.17,S
913,1,3,male,40.64708567,0,0,10.71,C
914,0,3,male,5.598734573,0,1,23.37,C
915,0,1,male,21.49403692,0,0,6.76,S
916,0,3,female,51.95455401,1,0,36.25,C
917,0,3,male,50.26914986,2,5,11.54,S
918,1,3,male,43.14096032,0,0,16.25,S
919,1,2,female,27.53442592,2,0,25.49,S
920,0,2,male,31.16182386,1,0,1.09,
921,1,2,female,28.16703873,4,0,3.86,C
922,0,3,female,45.79535697,2,0,46.33,S
923,1,3,male,17.73820631,0,0,22.41,Q
924,1,1,female,18.71880483,0,1,80.04,S
925,0,2,male,44.14384422,0,0,47.45,S
926,0,3,male,29.37893962,0,0,0.33,S
927,0,3,male,49.29854298,0,0,38.36,S
928,0,3,male,20.5988291,1,0,3.94,S
929,1,3,female,29.23310296,2,0,60.74,S
930,0,2,female,17.08621821,0,0,190.74,C
931,0,3,male,30.10307754,0,0,30.3,C
932,1,3,male,9.300342882,0,0,45.93,S
933,1,1,female,,0,1,10.84,S
934,0,3,male,9.892445891,0,0,23.02,S
935,0,3,male,39.71492526,0,2,77.54,S
936,0,1,male,40.03225076,0,0,7.33,S
937,0,3,female,5.776321773,0,0,12.34,S
938,1,3,male,48.67440044,0,1,23.58,S
939,0,3,female,64.96381177,0,0,49.83,S
940,0,1,female,30.64408941,0,0,18.86,C
941,0,2,male,21.02440036,0,0,105.1,S
942,0,3,male,69.54062827,0,0,,S
943,1,2,female,11.53444102,3,0,18.53,S
944,1,3,male,30.28149054,0,5,49.37,C
945,0,3,female,32.51471182,0,0,10.25,Q
946,0,1,female,48.83206669,1,1,42.73,S
947,0,3,male,35.03634565,0,0,7.18,S
948,1,3,female,23.01912546,2,0,2.3,Q
949,1,2,female,16.68341881,0,0,5.16,S
950,0,3,female,25.21449452,0,1,106.36,C
951,0,3,male,15.90301695,0,1,32.1,C
952,1,3,male,30.66955448,0,0,63.65,S
953,0,3,male,22.10125348,0,0,16.18,S
954,1,3,female,9.083470894,0,0,35.92,S
955,0,3,male,47.57204104,0,0,27.32,S
956,0,3,female,23.03258467,0,0,116.56,C
957,0,3,male,12.24608473,0,1,55.07,C
958,0,3,male,27.64437212,1,0,52.45,S
959,0,2,male,30.95720192,0,0,1.9,S
960,1,3,female,5.549465842,0,0,31.91,S
961,0,1,male,34.64306734,0,0,25.17,S
962,0,2,male,15.33979404,1,0,105.16,S
963,0,2,male,53.95440333,0,0,11.9,
964,0,3,female,37.33544717,0,1,12.58,S
965,0,3,male,24.40140014,0,0,21.2,S
966,0,3,male,19.56765122,0,0,11.16,Q
967,1,3,female,28.53045209,3,0,5.53,S
968,0,3,female,38.57907038,0,0,77.91,C
969,0,3,female,29.6430822,0,0,32.68,S
970,0,3,male,26.9597767,0,0,79.04,
971,1,2,male,30.81718407,2,0,71.15,C
972,1,1,female,21.54597496,0,1,13.25,
973,1,3,male,25.19511702,4,0,31.74,S
974,0,3,female,0.798905855,3,0,3.48,S
975,0,2,male,43.63216723,0,3,98.72,S
976,0,1,male,34.18316892,3,0,20.72,S
977,0,3,male,19.17161818,0,1,20.01,Q
978,0,1,male,56.58228974,1,0,14.42,S
979,0,3,male,31.21823073,0,0,24.7,S
980,0,3,male,15.49398999,0,1,11.6,C
981,0,2,female,41.9943239,0,1,18.79,S
982,1,1,male,35.57267503,1,0,64.37,S
983,0,3,female,35.5241198,0,0,71.89,
984,0,3,female,,0,0,14.51,S
985,1,3,male,36.30694013,0,1,25.32,S
986,0,3,male,26.33538394,0,0,82.8,S
987,1,1,female,37.78318032,0,1,2.16,S
988,0,3,male,3.330777644,0,0,87.98,C
989,0,3,female,23.92577152,0,0,9.9,C
990,1,3,female,54.11017137,0,0,45.4,S
991,1,1,female,19.26105562,0,0,34.94,S
992,1,3,male,21.54626384,0,2,32.2,S
993,0,3,male,23.72854126,0,0,78.46,S
994,0,2,male,12.9927141,3,2,4.28,C
995,0,1,male,0.42,0,0,17.05,S
996,0,3,female,26.77179042,3,0,30.91,S
997,1,1,male,31.90203194,1,1,66.7,S
998,0,2,male,29.26492904,0,0,9.76,S
999,1,2,female,27.97170013,0,0,64.97,S
1000,0,3,male,30.60257219,1,0,20.41,C
1001,0,3,male,44.3197806,0,1,8.38,Q
1002,0,3,male,27.3337534,0,1,56.92,C
1003,1,2,female,21.96284392,1,0,3.81,Q
1004,1,3,male,26.06424321,0,1,28.93,C
1005,1,3,female,38.11085464,1,0,2.64,S
1006,1,3,male,49.7683763,0,0,17.63,S
1007,1,3,female,21.20598765,1,1,36.76,C
1008,1,1,female,31.38507302,0,0,32.49,S
1009,0,3,male,34.73700419,0,1,20.74,S
1010,0,1,male,16.10390791,0,0,22.42,S
1011,0,3,male,30.28584034,0,0,10.29,S
1012,1,2,female,9.480565997,2,0,24.34,S
1013,1,2,male,5.233295748,0,0,122.52,S
1014,0,2,male,35.13444971,1,0,76.01,S
1015,1,3,male,24.62575362,0,0,6.28,C
1016,1,2,male,32.83192571,0,0,1.21,S
1017,0,3,male,,0,0,108.44,C
1018,0,2,male,16.33039932,0,0,29.93,S
1019,1,1,male,29.36643977,0,1,30.87,S
1020,0,3,female,12.73658173,0,0,60.7,S
1021,1,2,female,49.47361301,1,0,15.12,S
1022,0,2,male,11.01641517,1,2,,S
1023,1,3,female,27.25900621,0,0,138.52,C
1024,1,2,female,15.40819777,0,1,44.61,C
1025,1,1,female,37.98589643,0,0,6.68,Q
1026,0,2,male,25.3599608,0,0,,S
1027,1,3,male,22.73866593,0,1,9.14,S
1028,1,3,male,41.94482163,0,0,58.22,S
1029,0,3,female,30.41202828,3,0,14,S
1030,1,3,male,,1,0,0.86,S
1031,0,1,male,16.26143689,0,0,115.42,S
1032,0,2,male,10.33256279,0,0,7.44,S
1033,0,3,male,31.50091147,0,1,0.38,S
1034,0,1,male,25.53615102,1,0,10.83,S
1035,0,2,male,38.77008541,0,0,10.72,S
1036,1,2,male,28.88128166,0,1,21.93,S
1037,0,2,male,32.87105475,1,0,101.22,S
1038,1,3,female,7.272644581,0,0,84.54,S
1039,0,1,female,,0,1,24.42,S
1040,0,3,female,27.70061221,0,1,21.17,S
1041,0,1,female,39.76621758,0,0,32.39,S
1042,1,3,male,18.29471662,0,0,11.16,C
1043,0,1,male,34.31213863,0,0,2.14,C
1044,1,2,female,11.76017331,0,0,,S
1045,1,3,male,36.32894974,0,0,8.27,S
1046,0,3,male,25.01636282,1,1,8.85,Q
1047,0,2,male,30.40866706,0,2,25.58,S
1048,0,2,male,39.77163642,0,1,27.06,C
1049,1,2,male,,0,0,,S
1050,0,2,male,,1,1,6.4,S
1051,1,1,male,36.40253994,1,0,19,C
1052,0,3,female,59.37510064,0,0,46.05,S
1053,1,2,male,28.06684731,0,0,10.37,S
1054,1,2,male,38.27590565,1,0,22,S
1055,1,3,male,28.50239942,1,1,32.6,S
1056,0,3,female,57.19143833,0,0,87.78,C
1057,1,3,male,5.538896662,2,0,15.79,S
1058,0,1,male,31.32469463,0,3,5.73,S
1059,0,1,male,7.24238353,4,0,26.88,C
1060,1,3,male,0.42,2,1,54.93,S
1061,1,2,female,34.16446874,1,0,4.66,S
1062,1,1,female,31.95296915,3,0,22.11,S
1063,1,3,male,26.01228287,1,2,0.72,Q
1064,0,3,male,28.51328274,0,0,1.37,S
1065,0,3,female,73.37619208,0,0,26.38,S
1066,1,2,male,26.38554807,0,0,14.16,C
1067,0,1,male,37.14174106,0,0,74.6,C
1068,0,3,male,,1,0,36.87,C
1069,0,2,female,34.13325605,0,0,24.2,S
1070,0,3,male,,0,0,20.97,S
1071,0,3,male,24.25274124,0,1,27.51,S
1072,0,3,female,55.46457945,2,0,1.65,C
1073,0,2,male,46.48058948,0,0,89.32,C
1074,0,2,male,31.91445306,0,0,255.16,S
1075,1,3,female,0.42,0,2,,S
1076,0,3,male,24.94587087,1,2,5.13,S
1077,0,3,male,67.8423859,0,0,6.2,Q
1078,1,1,male,26.77073667,0,1,43.27,S
1079,0,1,male,45.44504601,0,0,43.32,S
1080,1,3,male,50.18719363,0,0,75.34,S
1081,1,3,male,33.06549482,3,0,55.75,S
1082,0,3,male,18.21449715,0,0,23.89,S
1083,0,1,female,0.42,0,0,37.96,C
1084,1,3,male,39.57828492,0,0,46.63,C
1085,1,3,male,18.59341596,0,4,28.76,S
1086,0,3,male,32.46610633,0,1,25.82,S
1087,0,2,female,12.50251525,0,0,41.44,C
1088,0,1,male,26.28667443,0,0,32.61,S
1089,1,3,male,30.47206677,0,0,41.31,S
1090,0,2,male,33.76031013,0,0,37.96,Q
1091,1,3,male,14.39248938,1,0,50.8,C
1092,1,3,male,46.75675328,0,0,41.18,C
1093,0,2,female,21.64347301,0,0,29.34,S
1094,0,3,male,6.557427554,0,1,45.8,S
1095,0,1,male,28.47367212,0,0,23.88,S
1096,0,3,male,30.48125433,0,0,11.07,S
1097,0,3,female,32.24825206,0,0,,
1098,0,1,male,49.06985365,0,0,32.84,S
1099,1,1,male,26.68971629,0,1,35.73,S
1100,0,2,male,28.32532526,0,0,143.09,S
1101,0,1,male,14.55541866,3,2,17.94,S
1102,1,3,male,41.48774904,0,5,20.04,Q
1103,1,3,male,,0,0,9.02,S
1104,1,2,male,24.11961182,1,0,2.93,S
1105,1,2,male,3.334554291,0,1,59.28,
1106,0,2,male,50.22177073,0,5,11.49,S
1107,0,3,male,,0,0,37.55,S
1108,1,1,male,21.72210787,0,1,46.56,S
1109,1,3,female,35.01682316,0,1,25.49,S
1110,0,3,female,13.248189,1,0,,C
1111,1,3,female,9.090863104,0,0,23.46,S
1112,0,2,female,0.42,0,1,13.41,
1113,0,3,male,40.09395734,1,0,90.54,
1114,0,1,female,22.36739257,1,0,79.09,S
1115,0,1,male,70.98178129,0,0,7.17,S
1116,0,3,male,16.07902908,1,0,1.05,
1117,0,3,male,17.09968567,0,0,3.77,S
1118,1,1,male,22.08449842,0,1,13.51,C
1119,0,2,female,33.40388517,0,0,143.39,Q
1120,0,1,male,23.41715326,0,0,32.7,C
1121,1,2,male,38.572651,3,0,18.69,
1122,1,2,female,16.29976254,0,0,87.83,S
1123,1,1,male,10.65771594,0,0,24.14,Q
1124,1,3,male,4.824993648,0,0,15.15,S
1125,1,3,female,0.42,0,0,113.36,C
1126,0,3,male,22.74703373,0,0,75.76,S
1127,0,3,male,25.78627563,0,0,74.23,S
1128,0,1,male,,1,0,28.72,C
1129,0,3,male,47.40768116,0,2,62.32,C
1130,0,3,female,47.19242293,0,0,7.91,C
1131,1,3,male,,0,0,34.06,Q
1132,0,3,male,4.885104415,0,0,165.02,S
1133,0,3,male,22.06612849,0,0,,S
1134,0,3,male,21.60250049,1,0,63.26,C
1135,1,1,female,20.80011053,3,0,26.97,
1136,0,3,male,20.23193535,0,0,1.62,S
1137,1,3,male,20.85151946,0,1,57.59,S
1138,0,3,male,24.58841738,1,2,7.38,S
1139,0,3,female,21.10242462,0,0,,S
1140,0,1,female,,0,0,3.58,S
1141,1,2,male,35.04516202,0,0,117.4,C
1142,0,3,male,17.25096878,1,2,13.8,
1143,1,3,male,47.79491456,0,1,10.27,S
1144,0,3,female,16.27912777,1,0,5.53,S
1145,0,2,male,7.350791407,1,0,116.75,
1146,1,2,female,35.330893,0,0,49.78,S
1147,1,3,male,18.55628612,1,0,54.14,S
1148,1,3,female,34.49808059,1,0,27.68,S
1149,1,3,male,0.42,0,0,25.75,S
1150,1,3,male,49.49438318,0,0,4.66,S
1151,1,3,male,39.41210771,0,2,32.82,S
1152,1,2,male,,0,5,11.34,S
1153,1,3,female,9.297120266,0,0,151.14,S
1154,1,2,female,53.41172266,0,0,63.7,S
1155,0,2,female,19.67668135,0,1,21.31,S
1156,1,3,male,,1,0,6.56,Q
1157,0,3,male,0.42,0,0,61.55,S
1158,1,1,female,25.08910512,0,0,5.21,C
1159,1,3,male,26.81192539,0,0,8.4,S
1160,0,2,male,,0,0,9.51,C
1161,1,2,male,10.41290201,0,0,32.56,S
1162,0,1,male,8.715984909,0,0,61.87,C
1163,0,2,male,36.31347689,0,0,15.09,S
1164,1,3,male,44.094221,1,0,3.54,C
1165,0,1,male,8.003867084,1,0,24.99,S
1166,1,3,female,45.14119721,0,1,55.15,S
1167,1,3,male,30.52558578,1,0,10.02,C
1168,0,1,male,45.28527475,1,0,9.93,S
1169,0,3,male,29.01691494,0,0,117.67,Q
1170,0,2,female,0.42,3,0,123.3,S
1171,0,3,male,27.87245665,1,0,186.11,S
1172,1,2,male,44.84201346,0,0,65.94,S
1173,1,1,male,,0,0,8.34,S
1174,0,1,male,24.56849044,0,0,9.53,S
1175,1,1,male,27.53413095,0,0,16.63,C
1176,0,1,female,0.42,1,0,15.32,C
1177,1,3,female,53.39886606,0,0,125.43,Q
1178,0,3,male,17.38074048,1,0,62.25,S
1179,1,3,male,37.08029605,1,0,51.5,S
1180,0,3,female,,0,0,8.23,S
1181,1,1,male,47.60666679,1,0,,S
1182,0,2,female,35.68478571,0,0,70.38,
1183,1,2,male,26.7110602,0,0,7.15,S
1184,1,2,female,17.4907887,0,0,81.97,S
1185,0,3,female,,0,0,12.71,S
1186,1,3,female,3.771821745,0,0,3.37,S
1187,1,2,female,39.04246588,1,0,42.78,Q
1188,0,2,male,14.61337348,1,4,42.43,S
1189,0,3,female,47.53197127,0,1,3.99,S
1190,1,3,male,32.2581936,1,0,15.36,C
1191,0,2,male,39.01773275,1,0,197.43,
1192,0,3,female,31.14784339,0,0,45.38,S
1193,0,3,female,5.466720668,0,0,,S
1194,1,2,female,17.94979171,3,0,9.58,S
1195,0,2,male,39.41345073,0,0,3.28,S
1196,1,3,female,32.33318144,0,1,12.97,C
1197,1,3,female,46.53385867,0,0,11.45,S
1198,1,3,male,35.64584388,1,0,10.69,S
1199,1,1,male,16.46617353,0,0,,C
1200,0,2,male,18.85510207,0,0,34.2,C
1201,1,3,male,31.44084347,0,1,15.91,S
1202,0,3,female,0.42,5,1,68.67,S
1203,0,1,male,53.4281864,0,1,8.13,S
1204,0,3,female,36.18445431,0,0,24.99,S
1205,0,3,female,47.17848436,2,0,0.55,S
1206,1,3,male,7.871544829,0,0,26.29,S
1207,1,3,female,47.42391224,4,0,2.3,S
1208,0,3,male,61.24098475,3,0,152.17,S
1209,0,2,female,11.50770302,2,0,62.54,S
1210,1,3,male,40.79962513,0,0,26.94,S
1211,0,1,female,30.01553923,0,0,3.62,S
1212,0,3,male,8.377926125,1,0,35.9,S
1213,0,1,male,36.90037561,4,0,56.88,
1214,1,3,female,41.67044487,0,0,8.46,S
1215,1,1,male,21.58422826,1,0,33.59,S
1216,0,1,male,46.32283128,0,0,67.33,S
1217,0,1,male,6.665312305,0,0,58.48,S
1218,1,1,female,9.07341395,0,0,64.98,C
1219,1,3,male,31.91236354,1,4,84.59,Q
1220,0,3,male,30.35539389,0,0,111.02,S
1221,1,3,male,19.96797116,0,0,20.8,Q
1222,0,1,male,41.3343221,5,0,33.64,S
1223,0,1,male,37.4325204,0,1,62.55,S
1224,1,1,male,,0,0,47.78,Q
1225,0,1,male,28.27608991,0,0,216.33,S
1226,1,3,male,38.43612375,0,0,0.55,S
1227,0,2,male,23.76089576,1,0,17.55,S
1228,0,2,female,58.75346166,3,0,13.2,S
1229,1,1,male,18.62435922,0,0,12.17,S
1230,0,1,male,59.47416401,1,1,10.07,S
1231,1,3,female,30.48843126,0,1,49.39,S
1232,0,3,male,10.74284755,0,0,3.54,S
1233,0,2,female,49.15311091,0,0,54.13,S
1234,0,1,male,31.76261944,0,0,47.29,Q
1235,1,2,male,41.91573738,0,1,11.55,
1236,0,1,male,47.13398286,0,0,11.66,S
1237,1,1,female,34.73137776,0,5,39.65,
1238,0,3,female,21.70862817,0,0,57.45,C
1239,1,3,male,43.65998729,0,0,83.66,S
1240,0,3,male,30.0105771,0,1,76.46,S
1241,1,2,female,39.60200946,2,0,133.96,S
1242,1,2,male,0.42,0,0,34.83,C
1243,1,3,male,36.25774404,0,0,95.72,S
1244,1,3,female,21.05979845,3,0,66.12,S
1245,1,3,female,53.14633492,1,0,90.03,S
1246,1,1,male,38.72322287,0,0,0.47,S
1247,0,3,female,33.35800844,0,0,135.14,S
1248,0,2,female,36.80833991,0,5,25.66,S
1249,1,3,male,16.02182806,0,5,64.02,S
1250,0,3,male,52.72559367,1,0,5.44,S
1251,1,3,male,57.87918586,1,0,20.16,S
1252,0,1,female,35.50078915,0,0,12.67,C
1253,0,3,female,52.26564996,4,0,13.79,C
1254,0,1,male,22.03192522,0,0,5.26,S
1255,1,2,female,18.84041007,0,3,65.55,S
1256,0,1,male,30.57294648,1,2,0.37,S
1257,0,3,male,36.08917454,0,0,14.99,S
1258,0,1,male,24.48418646,1,0,,S
1259,0,2,male,37.52875467,3,0,35.57,S
1260,0,3,female,34.28945275,1,0,11.73,S
1261,0,1,male,16.02370515,0,0,11.99,S
1262,1,3,female,37.26310224,0,0,26.8,Q
1263,0,2,male,42.0893954,0,0,42.3,S
1264,0,1,male,32.40057045,0,0,5.17,S
1265,0,3,female,46.13707345,0,2,7.72,S
1266,0,1,male,12.95634689,1,0,11.36,C
1267,0,3,male,36.55130591,0,0,145.6,C
1268,0,3,male,13.61607011,0,1,20.24,S
1269,0,3,female,14.40286098,0,1,36.55,S
1270,0,3,male,21.16696833,1,0,11.06,S
1271,1,2,male,16.81115743,0,0,26.97,S
1272,1,1,male,22.32805854,0,2,3.08,S
1273,1,3,male,27.00189565,1,0,1.41,S
1274,0,3,female,41.72016281,0,0,25.3,S
1275,0,3,male,25.50377346,0,0,20.34,C
1276,0,3,male,7.801240105,2,1,,S
1277,0,3,male,45.96094985,0,1,46.54,S
1278,1,3,male,18.28073813,5,2,197.93,S
1279,0,2,female,29.17791402,0,0,20.14,C
1280,0,3,male,36.2515111,0,0,39.19,S
1281,0,3,female,32.79454586,2,0,131.85,C
1282,1,1,male,45.31851367,0,1,71.24,
1283,0,3,male,36.70604401,1,0,,Q
1284,0,3,female,17.94166588,1,0,53.5,C
1285,0,3,male,60.49987044,1,0,5.48,S
1286,0,1,female,32.72066849,5,0,28.71,Q
1287,0,2,female,27.93723683,0,1,13.09,S
1288,0,3,male,43.49495592,1,0,7.03,S
1289,0,3,male,33.49231324,0,4,22.22,S
1290,0,1,female,35.5891947,0,0,5.62,S
1291,0,1,male,64.89057598,1,1,48.02,S
1292,0,3,male,26.1483,0,1,24.37,C
1293,0,2,male,25.55134748,0,0,30.3,S
1294,1,3,male,31.63209917,0,3,6.33,S
1295,1,3,female,45.0012231,0,0,6.02,S
1296,0,1,male,8.908523577,4,1,35.03,S
1297,0,3,male,,0,1,168.01,S
1298,0,1,male,21.78038621,0,0,4.05,C
1299,1,2,male,7.125078573,2,0,13.46,S
1300,1,3,male,24.05236113,0,0,81.44,S
1301,0,2,female,37.03499575,0,0,3,C
1302,1,3,male,17.52951591,0,0,83.46,S
1303,0,3,female,10.02442793,0,1,,S
1304,0,2,female,30.97072026,0,0,20.99,S
1305,1,1,male,42.07560878,1,2,14.82,S
1306,1,2,male,6.270371861,0,0,14.1,Q
1307,1,2,male,41.48325358,3,1,14.6,S
1308,1,1,male,41.44228685,1,2,86.44,S
1309,0,2,female,43.35719143,1,1,51.46,S
1310,1,3,female,47.05872301,0,0,44.31,S
1311,0,3,male,60.82819495,0,0,64.13,C
1312,1,3,male,25.01471132,0,0,11.89,Q
1313,0,3,female,31.53400212,2,0,38.5,C
1314,1,1,female,24.16986193,0,0,24.65,S
1315,0,1,male,30.02767583,0,4,61.01,S
1316,1,3,male,51.46022698,0,0,14.8,S
1317,0,3,male,11.16979722,0,0,41.22,S
1318,1,1,female,17.94530459,0,0,85.55,S
1319,0,3,male,49.28053311,0,1,20.58,S
1320,0,3,male,44.2805111,0,2,2.76,C
1321,0,3,male,24.91615694,0,1,29.03,S
1322,0,1,male,41.96162802,0,0,16.98,S
1323,1,3,male,34.77702179,1,0,44.62,S
1324,0,3,female,51.00384453,0,1,120.66,S
1325,1,3,male,31.04313431,0,0,26.59,S
1326,0,3,male,44.35884959,0,0,25.11,S
1327,0,3,male,66.98816675,0,0,42.52,S
1328,1,3,male,38.37338817,3,0,4.37,S
1329,1,1,male,30.69059432,0,0,11.69,C
1330,0,3,male,40.11425779,0,0,100.52,S
1331,0,3,male,24.88606799,2,0,44.34,S
1332,1,3,male,63.43154788,1,0,0.54,S
1333,0,1,male,32.52099453,0,0,9.16,S
1334,1,1,male,26.17893352,0,0,45.93,Q
1335,1,3,female,18.30035393,1,0,57.82,S
1336,1,3,female,45.36108268,0,0,73.27,S
1337,0,3,male,42.14062378,1,0,13.82,C
1338,1,3,male,23.0370388,1,0,106.96,S
1339,0,3,female,38.07031883,1,0,,S
1340,0,3,male,8.880216445,0,0,47.7,S
1341,0,3,female,32.58958805,1,0,36.33,S
1342,0,3,female,36.33858893,0,1,5.24,C
1343,1,3,male,53.90261733,1,0,132,S
1344,1,1,male,19.20853676,0,0,5.24,S
1345,1,3,female,12.1030632,0,0,11.77,S
1346,0,3,male,17.46400855,0,3,67.2,S
1347,0,2,male,11.288041,0,0,38.56,S
1348,0,1,male,48.71320301,0,0,72.84,S
1349,1,2,male,51.68095013,2,0,29.01,S
1350,0,2,female,34.48303209,0,0,18.93,S
1351,1,1,female,47.09812924,1,1,101.96,Q
1352,0,2,female,31.87541733,0,0,1.48,S
1353,0,3,male,28.66843693,0,0,,S
1354,1,3,male,25.33747333,0,0,10.5,S
1355,0,1,male,25.65452612,0,2,75.55,Q
1356,1,1,male,8.330778212,2,0,6,C
1357,1,3,male,33.69956669,0,0,34.72,C
1358,0,2,female,29.43532526,0,2,87.61,S
1359,0,3,female,40.43505014,0,2,25.66,C
1360,0,3,male,31.30932895,3,4,54.91,S
1361,1,3,male,27.72214818,0,1,65.32,S
1362,0,2,male,17.80329758,0,5,53.35,S
1363,1,3,male,31.01014532,0,0,103.79,C
1364,1,2,female,40.33532123,0,1,23.68,C
1365,1,3,male,13.99325412,0,1,7.6,C
1366,0,3,female,31.22463255,2,0,,Q
1367,1,2,male,,0,0,11.32,S
1368,1,2,male,19.94709303,0,3,6.18,S
1369,0,1,female,21.77001173,0,0,32.65,S
1370,0,3,male,,0,1,8.18,C
1371,1,1,male,14.13210574,0,0,1.59,S
1372,0,3,male,34.89893201,5,0,1.47,C
1373,1,2,male,17.46503877,1,0,71.25,S
1374,0,3,female,44.8799517,2,0,35.81,S
1375,0,3,male,62.72958844,1,0,17.73,S
1376,1,3,female,17.94940478,0,0,89.86,S
1377,0,3,male,37.47891007,0,0,2.91,C
1378,0,1,male,19.82561333,0,0,157.13,S
1379,0,1,female,44.57335843,0,0,38.31,S
1380,0,3,male,12.28638227,0,0,8.11,S
1381,0,2,male,36.72821462,0,1,45.46,S
1382,0,2,male,17.77815446,0,0,57.65,S
1383,1,1,male,27.10221575,2,0,22.44,S
1384,0,2,male,15.56564615,1,0,79.11,C
1385,1,1,male,41.51290659,3,0,6.54,S
1386,0,3,male,18.28227504,0,0,13.08,S
1387,1,2,male,37.72749963,0,0,3.93,S
1388,0,3,female,25.1826276,0,1,9.47,S
1389,1,1,male,28.39738679,0,2,10.91,
1390,0,3,female,32.0685827,0,1,99.86,S
1391,0,2,male,19.3344546,0,0,3.25,S
1392,0,3,male,32.94513959,0,0,22.3,S
1393,0,3,female,51.4246839,0,0,30.41,S
1394,0,2,male,19.106673,0,0,,C
1395,0,3,female,46.40534201,0,5,242.93,Q
1396,1,3,male,50.97336687,0,0,56,S
1397,0,3,male,18.57383015,0,0,141.33,S
1398,0,3,male,9.629235529,0,0,61.88,S
1399,0,2,male,34.2274526,0,1,132.09,S
1400,1,3,female,22.33629468,0,1,49.14,C
1401,0,1,male,56.16044507,1,0,3.32,C
1402,0,1,female,30.48730557,1,2,20.56,S
1403,0,3,female,18.76920829,0,0,41.61,S
1404,1,2,male,13.93976685,0,2,17.28,S
1405,1,3,male,45.25866943,0,3,12.77,S
1406,0,3,female,22.00342436,0,1,34.45,C
1407,1,3,female,30.61360319,0,0,108.42,S
1408,1,3,male,43.38123843,0,0,1.42,
1409,0,2,male,23.22038307,0,0,58.65,S
1410,1,1,male,29.3569964,0,0,51.31,S
1411,0,2,female,,1,1,132.92,S
1412,0,1,male,39.56654316,0,0,106.78,S
1413,0,1,female,38.2704207,1,0,57.46,S
1414,0,2,male,26.91840776,0,0,29.39,
1415,0,3,male,30.89108686,0,0,9.14,C
1416,1,3,male,24.79509384,4,0,31.52,S
1417,0,2,male,9.313426303,3,0,57.99,Q
1418,0,3,male,33.606412,0,0,90.41,S
1419,0,1,male,56.49068465,0,0,62.37,S
1420,1,1,male,17.62793203,0,1,8.69,C
1421,0,3,male,19.17758407,0,0,36.62,S
1422,0,3,male,17.8098112,1,2,16.15,C
1423,0,3,female,40.1442849,3,0,0.37,S
1424,0,1,male,36.27879636,0,0,8.94,S
1425,1,3,male,,0,0,4.81,S
1426,1,3,male,17.14773314,0,0,73.99,C
1427,0,3,female,31.29327508,0,0,11.96,C
1428,1,3,male,8.095290217,2,0,13.4,S
1429,1,3,female,32.00797194,2,0,128.69,S
1430,1,3,female,42.20134141,0,0,19.06,S
1431,0,3,male,12.48321209,0,0,0.39,Q
1432,0,3,male,8.544744124,0,0,13.35,S
1433,0,3,female,52.11213048,0,1,5.08,C
1434,1,2,male,21.43536505,1,2,4.34,S
1435,0,3,male,45.90326984,0,0,3.23,S
1436,0,2,female,27.84403269,0,0,35.98,S
1437,0,1,male,27.73263256,0,3,8.4,Q
1438,1,3,female,36.13777779,1,0,17.93,S
1439,0,3,male,17.62401601,0,3,79.23,Q
1440,1,3,female,31.85496001,1,0,22.09,S
1441,1,2,male,24.65914819,2,1,98.93,S
1442,0,3,male,11.51309179,3,0,27.56,S
1443,1,1,male,34.72474905,0,2,20.36,C
1444,0,3,female,26.3136907,0,0,55.51,C
1445,1,3,male,27.8016524,0,0,3.04,S
1446,0,3,male,13.05774679,0,0,3.75,S
1447,1,3,male,52.27960515,0,0,42.22,S
1448,1,3,male,,0,1,26.69,S
1449,1,3,male,43.49818238,0,0,62.51,Q
1450,1,1,male,,2,2,99.21,S
1451,0,3,male,5.791439547,0,0,19.66,S
1452,0,3,male,57.34084335,0,1,36.29,S
1453,1,3,male,29.14463489,1,0,27.78,S
1454,0,2,male,19.51680286,1,3,159.84,S
1455,0,3,female,35.83522204,2,2,71.13,S
1456,1,1,male,46.33969103,1,0,97.1,S
1457,1,3,male,29.67729221,2,1,11.74,S
1458,1,3,male,47.90005235,0,1,59.23,Q
1459,0,3,female,45.16199914,0,0,12.34,S
1460,1,3,female,14.93066338,0,0,9.37,S
1461,0,2,female,20.56693852,0,0,115.49,Q
1462,1,1,male,43.40552029,0,1,0.78,C
1463,0,3,male,0.42,0,0,134.54,Q
1464,1,3,male,27.9076203,0,0,6.47,
1465,1,1,male,9.968363177,0,0,68.47,S
1466,0,3,male,,0,0,12.91,S
1467,1,3,female,25.81651875,2,1,17.27,
1468,0,3,female,24.98457871,0,3,9.77,S
1469,1,3,female,22.26834247,1,0,35.23,C
1470,1,1,male,14.63998891,0,0,17.11,S
1471,0,1,female,62.08675774,2,0,42.85,S
1472,1,3,male,56.14446806,2,0,0.63,C
1473,1,3,male,13.73107852,0,0,2.66,S
1474,0,3,female,52.14963452,0,0,4.2,C
1475,0,3,male,24.40748313,0,0,,S
1476,1,3,male,31.80862463,4,0,67.45,S
1477,1,3,male,,2,0,87.63,C
1478,1,3,female,20.76351902,2,0,11.23,S
1479,1,3,female,43.77393281,0,1,34.17,C
1480,0,2,male,31.76241143,0,0,58.5,S
1481,1,1,female,23.32828007,2,0,13.63,
1482,0,3,male,11.73574779,0,1,21.04,C
1483,0,2,male,17.48966981,0,0,29.69,S
1484,0,3,female,7.020678382,0,0,5.8,S
1485,0,3,female,30.17112968,2,0,1.05,S
1486,0,3,female,13.24668171,0,0,6.63,C
1487,0,2,male,26.28215282,0,1,39.43,S
1488,1,1,female,49.18142595,0,0,3.06,C
1489,0,1,male,46.79019402,1,0,8.41,S
1490,0,2,female,29.54812348,0,0,16.49,S
1491,0,1,male,28.78081383,0,0,3.24,Q
1492,0,3,female,56.31824369,0,4,8.51,S
1493,0,3,male,37.29058569,1,1,96.89,S
1494,0,3,male,25.41070956,4,0,0.78,C
1495,0,3,male,10.03574636,1,0,42.39,C
1496,1,1,male,35.51422505,0,0,19.41,S
1497,0,3,male,41.61053282,2,0,44.67,
1498,0,3,female,21.15687866,0,0,35.54,C
1499,0,1,male,34.07683857,0,0,10.12,C
1500,1,3,male,24.90997387,0,0,75.15,C
1501,0,2,male,27.42354641,0,1,27.09,S
1502,0,3,male,0.42,1,0,69.16,
1503,0,3,male,26.89506035,0,0,20.84,S
1504,0,1,male,43.57117023,0,0,167.16,S
1505,0,3,male,21.16036422,0,2,58.87,S
1506,0,3,male,30.73536916,0,1,135.2,S
1507,0,3,male,19.41669011,0,0,28.89,S
1508,0,3,male,35.04618347,0,0,25.67,S
1509,0,3,male,26.96867523,0,2,56.33,S
1510,1,1,male,16.85061843,0,0,84.91,S
1511,1,2,male,48.65572055,1,0,133.13,S
1512,1,1,female,43.00504819,1,3,15.7,S
1513,1,3,female,21.53130531,0,1,64.12,S
1514,0,3,female,36.96903633,2,0,9.46,S
1515,0,3,male,37.52376804,3,0,31.55,S
1516,0,3,female,38.99221729,1,0,7.93,S
1517,1,1,female,6.280417456,0,0,17.07,Q
1518,1,2,female,44.09249157,0,2,107.15,C
1519,0,1,male,22.02421452,4,0,6.32,C
1520,1,1,male,24.99040893,0,1,40.03,S
1521,0,1,female,66.93034453,0,0,35.95,S
1522,1,3,male,,0,0,5.15,S
1523,0,2,male,24.59148534,0,0,15.78,C
1524,0,1,male,0.42,4,1,33.11,S
1525,0,1,male,49.45669788,0,0,8.29,S
1526,0,1,male,11.16706461,0,0,,
1527,0,3,male,15.95185535,0,0,143.25,S
1528,0,3,male,25.36106781,0,0,9.67,Q
1529,1,3,male,49.82976508,0,0,8.28,C
1530,0,2,male,40.82535981,0,0,24.27,C
1531,0,2,male,27.79027486,1,0,55.1,S
1532,0,3,male,34.31608889,0,0,13.23,
1533,1,2,female,21.5946003,1,0,0.8,S
1534,0,2,female,31.95515165,0,0,31.17,Q
1535,0,1,male,31.02671443,0,0,125.49,S
1536,0,1,male,43.56277854,0,0,19.86,S
1537,0,2,male,43.54049371,0,0,,S
1538,1,2,female,36.91568335,1,1,138.82,S
1539,0,3,male,24.92713419,1,0,47.45,C
1540,0,1,male,40.38551212,0,0,50.8,Q
1541,1,1,male,28.71244147,0,0,33.09,S
1542,0,3,male,14.85319884,1,1,146.93,S
1543,0,1,female,24.35397091,0,0,46.7,S
1544,0,2,female,31.18337777,0,0,90.16,C
1545,1,3,male,42.74302097,4,0,48.08,S
1546,0,1,male,27.43060559,0,0,53.14,S
1547,1,1,male,13.07121804,4,3,13.72,S
1548,0,3,male,30.79438357,0,1,14.47,S
1549,0,2,male,31.58838456,1,0,61.11,C
1550,1,3,male,32.6017268,0,1,14.08,S
1551,1,3,male,42.87820122,0,0,33.09,S
1552,0,1,male,44.26492536,0,0,11.47,C
1553,1,3,female,21.68104779,0,0,67.93,S
1554,1,3,male,21.37399159,0,0,4.68,S
1555,0,1,female,15.43721805,0,0,70.75,S
1556,0,3,female,39.78341938,0,0,36.93,S
1557,0,2,male,50.28348152,1,0,8.28,
1558,0,3,female,25.58885301,0,1,31.24,Q
1559,1,1,male,26.61997209,0,5,13.28,C
1560,1,3,male,50.5349558,0,0,15.63,C
1561,0,2,male,37.07780995,0,0,17.33,Q
1562,0,3,female,36.10729987,0,1,2.62,S
1563,1,1,male,13.32716892,0,1,170.64,S
1564,0,2,male,39.50219297,1,0,1.28,S
1565,1,3,female,16.99209123,0,0,43.45,C
1566,0,3,male,14.1237174,0,0,18.56,S
1567,1,3,female,25.14519793,2,0,,S
1568,0,3,female,21.79890187,1,3,17.62,S
1569,1,3,female,26.89760428,0,0,44.8,S
1570,0,3,female,9.826257117,1,2,52.26,S
1571,0,2,female,43.42342829,0,0,46.92,C
1572,0,3,male,45.78760812,1,4,4.84,S
1573,1,3,female,2.737205362,0,0,42.79,C
1574,1,3,male,43.69840928,1,0,13.14,S
1575,0,3,male,18.65259918,5,0,1.17,C
1576,0,2,male,41.99765752,0,0,21.43,Q
1577,0,1,female,29.0417491,0,0,22.73,C
1578,1,3,female,30.4028579,0,0,25.18,S
1579,0,3,female,27.40863291,0,0,48.81,S
1580,0,3,male,,0,0,14.78,S
1581,0,3,male,12.64576782,0,1,15.15,S
1582,0,3,male,38.50976474,0,0,2.5,S
1583,0,2,female,45.41862231,0,0,46.44,Q
1584,0,3,female,40.02876113,0,1,33.56,S
1585,1,2,male,62.5457848,0,0,17.2,S
1586,0,2,male,,0,3,48.86,S
1587,1,3,male,43.40226752,2,0,30.83,C
1588,0,3,male,28.51473111,0,0,,Q
1589,0,1,female,47.26768507,0,0,28.64,S
1590,1,1,male,29.89235406,1,0,40.46,S
1591,1,3,male,24.56973905,1,0,43.15,C
1592,1,1,male,48.28501085,0,0,13.64,S
1593,0,3,male,23.11813285,1,0,,S
1594,0,3,female,10.22183938,0,0,6.81,C
1595,1,3,male,22.76414364,2,0,40.8,Q
1596,0,3,male,38.66646125,0,0,82.5,S
1597,0,1,male,,0,0,21.07,S
1598,0,3,female,31.55581125,0,0,7.43,
1599,0,2,female,48.45475894,1,0,56.52,S
1600,1,3,female,10.9855511,0,0,71.47,S
1601,0,1,male,23.79431149,0,0,85.01,S
1602,0,3,male,25.95994836,0,0,37.34,S
1603,0,1,male,28.39616802,2,0,78.85,S
1604,0,2,female,31.17732144,1,0,0.62,S
1605,0,1,male,,0,0,4.54,S
1606,0,1,male,23.77270427,0,0,3.89,S
1607,0,3,female,31.94640162,0,0,49.88,S
1608,1,2,female,29.36827954,0,0,2.88,S
1609,0,3,male,17.03754135,2,0,27.44,S
1610,0,3,male,28.40866635,0,0,25.6,C
1611,1,3,male,27.98876658,0,1,14.88,S
1612,1,1,female,27.68887209,0,0,81.73,Q
1613,0,2,female,30.44463239,0,0,7.47,S
1614,0,3,male,31.05942957,0,0,17.38,S
1615,0,2,male,23.94786749,0,0,59.52,S
1616,1,1,female,47.81800628,0,1,1.24,S
1617,1,3,female,13.62727119,0,0,,C
1618,1,3,male,19.90641848,0,4,67.8,Q
1619,0,3,male,68.91949074,0,0,107.69,Q
1620,1,1,male,15.46812103,0,0,83.59,S
1621,0,3,male,11.04743455,1,0,15.39,S
1622,0,1,female,40.28267443,0,0,35.31,S
1623,0,1,female,0.920322047,0,0,3.22,S
1624,1,3,female,26.70616526,1,0,11.93,
1625,0,2,male,60.04154895,0,0,3.96,C
1626,1,2,female,8.37089709,0,1,15.14,C
1627,0,1,male,2.2524972,0,0,,S
1628,0,3,male,9.011463173,0,0,17.06,S
1629,0,3,male,42.57703396,0,0,,S
1630,0,3,male,45.74687408,0,0,22.72,S
1631,1,3,female,22.82375684,1,0,24.57,S
1632,0,1,male,,2,0,139.7,C
1633,1,3,male,49.46357459,0,0,14.05,S
1634,1,2,male,55.0228498,0,0,39.48,S
1635,1,1,male,26.55130606,0,0,21.79,S
1636,0,3,male,0.42,0,0,2.52,S
1637,0,3,male,18.50769509,0,2,26.88,Q
1638,0,1,female,24.02474127,2,0,67.14,S
1639,1,2,male,26.37485685,0,0,4.16,Q
1640,1,1,male,27.36996839,2,0,2.89,S
1641,0,1,male,45.66452437,1,1,6.67,S
1642,1,3,female,47.84199797,1,0,57.82,S
1643,0,3,male,27.59656885,0,0,51.49,S
1644,1,3,male,45.37878826,0,0,33.3,C
1645,0,3,male,35.00725913,0,0,25.26,C
1646,1,1,male,30.90308362,0,1,87.69,C
1647,0,3,male,42.6916182,0,0,58.22,S
1648,1,2,female,31.01152868,0,1,66.84,Q
1649,1,3,male,58.80935648,0,0,67.12,Q
1650,1,3,male,9.862243665,0,0,41.17,S
1651,0,3,female,22.78760741,1,1,24.5,Q
1652,0,2,female,28.22873544,0,0,80,S
1653,0,3,male,36.15233767,0,0,104.15,S
1654,0,1,male,47.75144682,0,0,0.96,
1655,0,1,male,29.65842006,4,0,2.12,Q
1656,1,1,male,10.08878491,0,0,127.52,S
1657,0,2,female,41.79519455,0,5,12.98,S
1658,0,3,female,40.56942273,0,4,82.66,S
1659,0,3,female,2.813978769,2,0,19.69,S
1660,0,3,male,29.94674213,1,0,5.07,S
1661,0,3,male,7.73801437,0,0,3.35,S
1662,0,3,male,20.69488463,0,0,6.81,S
1663,1,1,female,17.36067502,0,0,11.5,Q
1664,0,1,male,,0,0,26.82,C
1665,1,3,male,31.63562244,0,0,48.36,C
1666,1,2,female,12.00172599,1,0,171.9,S
1667,0,3,female,42.32092348,3,0,23.3,S
1668,1,1,female,9.926718465,0,0,29.21,S
1669,0,1,male,34.62159307,0,1,29.51,S
1670,1,2,female,18.60385063,0,0,31.01,Q
1671,0,1,female,24.88052084,1,0,29.17,S
1672,1,1,male,37.05979047,1,0,0.35,
1673,1,3,male,37.30029159,0,0,0.07,S
1674,1,1,male,,0,0,4.11,C
1675,1,3,female,28.8484482,0,0,4.28,S
1676,0,2,male,34.29031208,0,3,48.82,S
1677,0,1,male,23.87167749,2,0,9.17,S
1678,0,2,male,32.54785836,0,0,90.04,S
1679,0,3,female,36.15280467,1,0,105.58,S
1680,1,2,male,28.62366214,0,3,149.01,
1681,0,3,male,4.747493223,1,1,111.93,S
1682,1,1,male,34.64059255,0,1,12.69,Q
1683,1,3,female,35.10386068,1,0,28.52,S
1684,1,1,male,20.47757133,0,5,7.72,C
1685,0,3,male,12.01858149,0,0,65.64,S
1686,1,3,female,50.66230811,0,0,87.72,
1687,1,3,male,36.88023715,0,1,76.23,S
1688,0,2,female,26.79286557,0,2,22.72,S
1689,0,1,male,14.08153964,0,0,,S
1690,1,1,male,18.4945924,3,0,4.11,S
1691,0,3,male,48.23626556,0,0,1.64,S
1692,0,3,male,31.92726717,1,0,55.97,S
1693,0,3,female,22.29178106,4,0,22.16,S
1694,0,1,male,37.13564924,0,3,,S
1695,0,2,female,18.59842538,1,0,4.09,S
1696,0,1,male,51.01180242,0,1,,S
1697,0,3,male,48.93920749,0,1,,S
1698,0,3,male,23.467963,0,0,70.21,S
1699,1,3,female,21.19861654,3,1,67.96,S
1700,0,2,male,0.42,0,0,99.07,Q
1701,1,3,male,,0,0,14.14,C
1702,0,3,male,11.24742315,0,0,119.67,S
1703,0,2,male,31.89266477,2,0,6.58,S
1704,0,3,male,25.43272814,0,1,3.42,S
1705,0,3,female,11.16530318,1,4,22.6,S
1706,0,3,male,26.06370341,1,0,70.49,C
1707,1,3,female,37.07472007,0,1,25.65,Q
1708,0,2,male,37.3897509,3,0,70.71,S
1709,0,2,female,3.404616068,1,1,52.33,S
1710,1,3,female,28.20431127,0,0,9.4,C
1711,0,1,male,10.63322912,0,0,118.94,Q
1712,0,3,female,42.62420176,0,0,2.51,S
1713,1,3,male,40.97804983,0,0,91.42,
1714,0,3,female,17.42761883,0,0,14.52,S
1715,0,3,female,19.27536717,0,2,27.74,
1716,1,2,male,23.54226129,0,0,21.95,C
1717,0,2,male,0.42,4,2,7.54,Q
1718,1,1,male,34.70355443,0,0,17.74,S
1719,1,2,male,26.18017635,2,0,8.57,C
1720,0,2,male,43.58245116,0,0,9.12,S
1721,0,2,male,14.62227095,0,0,8.28,S
1722,0,3,male,21.33227872,1,0,26.86,S
1723,0,3,female,8.908646387,0,0,63.97,S
1724,0,1,male,15.93993211,0,0,33.66,S
1725,1,2,male,13.45225206,0,0,89.47,S
1726,0,3,male,43.9436315,0,4,40.48,C
1727,0,1,male,20.22433412,2,0,46.76,C
1728,1,1,male,31.73845959,1,0,44.06,S
1729,1,1,male,24.66931235,0,0,23.87,S
1730,0,3,female,12.22748628,0,1,46.76,S
1731,0,1,female,27.64379408,0,1,2.89,Q
1732,1,3,male,38.38744665,0,0,78.6,S
1733,0,2,female,13.0913685,0,0,60.17,
1734,0,3,male,41.32757907,0,0,,S
1735,0,2,female,18.1039071,0,0,58.45,S
1736,1,3,female,23.23822503,0,0,0.51,
1737,0,3,male,37.42956372,0,4,9.8,C
1738,0,3,male,20.7118938,0,0,,C
1739,0,3,male,30.52604803,0,0,60.61,S
1740,0,3,male,25.5943284,4,1,56.4,S
1741,1,3,female,31.81115209,2,0,67.2,S
1742,1,3,male,0.42,0,0,0.18,C
1743,1,3,female,4.384454587,0,0,27.82,S
1744,0,1,female,38.62353808,1,0,48.81,
1745,0,1,male,44.52053968,2,2,6.76,S
1746,0,1,female,17.25318615,1,0,41.97,S
1747,0,3,female,,0,0,3.51,S
1748,0,2,female,34.12606954,5,0,8,S
1749,1,2,female,39.70504642,0,2,25.84,S
1750,0,3,female,1.612518197,1,0,42.4,S
1751,0,3,male,17.59543654,2,0,6.31,S
1752,0,3,female,25.34388868,0,2,8.19,S
1753,0,2,male,39.84396276,2,0,9.15,S
1754,0,3,female,64.97802677,0,0,10.91,S
1755,1,2,female,26.80791982,4,0,10.28,S
1756,1,1,male,10.30231553,0,0,20.11,Q
1757,1,1,male,35.63175308,3,0,,S
1758,0,2,male,48.49394105,0,0,23.05,S
1759,0,2,male,31.51219769,1,0,59.84,S
1760,0,3,male,17.30692037,0,0,50.81,S
1761,0,1,female,43.41191518,0,0,5.41,S
1762,1,3,female,,0,0,2,S
1763,0,3,female,15.63486818,1,0,84.13,S
1764,0,2,male,35.33995865,0,3,3.33,S
1765,0,3,female,43.96171795,0,0,6.42,C
1766,0,2,female,46.5464606,0,3,0.9,Q
1767,1,3,male,29.06971435,3,0,39.59,Q
1768,0,2,male,24.98688775,0,0,34.93,C
1769,0,1,male,47.18183351,0,0,173.42,C
1770,0,1,female,13.05775296,0,1,87.19,S
1771,0,3,male,36.14011007,0,1,21.16,S
1772,1,3,female,,0,0,18.58,S
1773,1,2,male,44.91526781,0,2,14.09,S
1774,1,3,female,26.38736278,2,0,6.61,Q
1775,1,3,male,47.7601653,1,0,5.94,S
1776,0,3,male,36.87977859,0,4,5.68,S
1777,1,3,male,12.87491678,0,1,4.85,C
1778,0,3,male,49.94478825,1,2,11,Q
1779,0,3,female,51.71743373,0,0,14.65,S
1780,1,3,male,42.3520109,1,0,130.37,Q
1781,0,2,female,19.33776989,0,0,34.55,S
1782,1,2,male,25.71580464,0,0,175.59,
1783,0,1,male,32.03598104,0,1,18.64,S
1784,1,3,male,20.14805441,1,0,24.47,S
1785,1,3,male,53.69285201,0,0,15.7,
1786,1,1,female,32.0205706,0,0,8.08,C
1787,1,3,male,,0,0,6.18,C
1788,0,3,female,34.75098138,1,0,116.07,C
1789,0,1,female,25.12579644,2,0,173.13,S
1790,0,3,male,28.95102821,0,1,1.84,S
1791,0,1,male,24.83932888,0,0,6.52,S
1792,1,1,female,41.29864983,2,1,22.03,S
1793,0,3,female,45.6756289,0,0,8.25,
1794,1,3,female,33.96274427,0,0,18.09,S
1795,0,1,male,25.24964338,0,0,5.53,S
1796,0,3,female,29.42127913,1,1,24.39,C
1797,1,3,male,30.27439463,0,0,12.68,S
1798,0,1,female,18.76597944,1,0,17.35,Q
1799,0,1,female,38.10500108,0,0,3.96,S
1800,0,3,male,36.44059253,0,0,22.35,Q
1801,1,2,male,51.56617736,1,1,163.59,S
1802,1,3,male,47.57489692,0,1,15.95,S
1803,0,3,male,,0,0,83.64,S
1804,0,3,female,41.48417724,0,0,74.11,C
1805,0,2,male,16.68665264,2,1,,S
1806,1,3,male,39.74304941,2,0,62.45,S
1807,1,2,male,,3,0,43.1,C
1808,0,2,female,15.67445487,2,0,77.68,S
1809,0,1,male,33.9206348,0,0,3.15,S
1810,0,1,male,0.42,0,0,24.86,S
1811,1,3,male,5.486341958,1,1,181.34,S
1812,1,3,female,27.51511363,0,0,58.72,S
1813,0,1,female,31.15418473,0,0,130.89,S
1814,0,3,male,24.82953722,0,1,60.5,S
1815,0,2,male,7.887891818,0,0,83.14,S
1816,1,3,male,18.54951421,2,0,,C
1817,0,2,male,35.47693058,0,0,,S
1818,1,3,male,38.14494479,0,0,29.62,S
1819,1,3,female,29.77287635,5,2,103.21,
1820,0,3,male,46.19567293,0,0,,S
1821,0,2,female,35.56355833,0,0,74.29,S
1822,0,2,male,19.53562084,0,0,44.71,S
1823,0,3,female,26.07297125,1,0,14.53,S
1824,1,2,female,10.3598738,1,1,1.45,Q
1825,1,1,male,28.48605413,1,0,109.74,S
1826,0,1,male,45.56940867,1,0,35.29,S
1827,0,3,male,39.59406119,0,0,14.16,S
1828,1,3,male,49.62813056,2,0,6.46,S
1829,1,3,male,25.75960659,2,0,70.77,C
1830,0,1,male,48.84539712,0,0,72.44,S
1831,1,2,female,27.29374083,0,0,67.39,S
1832,0,3,male,50.60219116,4,0,41.43,S
1833,0,3,female,29.69400554,2,2,18.23,S
1834,1,2,male,39.90123923,2,0,14.5,S
1835,1,3,female,50.6515731,2,0,0.34,S
1836,1,2,male,27.2920132,0,2,71.74,S
1837,0,3,female,33.05744583,0,0,3.66,S
1838,0,1,male,48.04408795,0,1,39.85,
1839,1,3,male,28.1379557,0,1,28.05,S
1840,0,3,male,11.50750804,1,0,29.92,S
1841,0,3,male,60.00209876,0,0,104.53,S
1842,0,1,male,23.4232975,0,0,1.29,Q
1843,0,3,male,32.22258471,0,0,59.38,S
1844,0,2,male,46.18409337,0,0,2.14,Q
1845,1,1,female,21.48108535,0,0,1.56,S
1846,0,3,male,15.88984921,0,0,22.47,C
1847,0,3,male,33.55232215,0,0,2.61,S
1848,0,3,female,4.896930429,0,0,62.26,S
1849,1,3,male,25.96931492,4,5,30.16,C
1850,1,1,male,33.4305413,0,0,,C
1851,0,2,male,26.22067344,0,0,1.65,S
1852,1,1,female,8.391686795,0,0,37.94,S
1853,1,3,female,52.31849139,0,3,65.62,S
1854,1,3,female,31.44953416,0,3,23.04,C
1855,1,3,male,50.03612965,1,0,,S
1856,0,1,female,26.3594925,1,1,64.34,S
1857,1,2,male,17.67983226,0,0,37.72,S
1858,0,3,male,33.76853288,0,3,10.18,C
1859,1,2,male,26.97898023,3,0,37.98,S
1860,1,3,male,13.51133959,1,0,39.58,S
1861,1,3,male,,1,0,52.99,Q
1862,1,3,male,21.28821688,0,0,38.8,S
1863,0,2,male,4.236270613,0,1,139.26,S
1864,0,2,male,48.59432476,0,0,8.79,S
1865,1,1,female,,0,3,120.71,S
1866,1,2,male,21.4904655,0,0,30.92,S
1867,0,2,female,5.284573782,0,0,44.58,S
1868,0,3,male,54.37318081,0,0,4.19,S
1869,0,3,female,11.94727178,1,0,19.16,S
1870,1,1,male,30.81829273,1,1,58.68,S
1871,1,2,male,42.77668452,0,0,49.09,
1872,0,1,male,35.90403706,1,0,1.64,S
1873,0,1,male,29.16483963,0,0,31.64,S
1874,1,3,female,6.176677984,1,0,3.7,S
1875,1,1,male,18.6638523,0,4,219.45,S
1876,0,2,male,32.62920473,0,0,91.04,S
1877,0,1,female,18.97956302,0,1,0.85,C
1878,0,3,female,32.84703244,0,0,78.26,S
1879,0,3,male,,2,0,100.74,S
1880,0,1,male,43.4750404,0,2,17.45,S
1881,1,3,male,12.83348899,0,0,50.85,S
1882,1,3,male,60.75304477,0,0,23.34,S
1883,1,3,male,40.74471082,0,0,42.6,S
1884,1,1,female,29.97600185,0,0,16.64,S
1885,0,3,male,45.25351216,1,1,15.58,S
1886,0,3,male,63.11570881,1,0,22.1,S
1887,0,3,male,9.857918585,1,2,6.29,S
1888,0,3,female,26.84632301,4,0,71.15,S
1889,1,3,female,,0,0,17.15,
1890,1,2,male,32.69712146,1,0,20.44,Q
1891,0,3,female,35.11551939,0,0,89.79,C
1892,0,3,male,29.45173038,0,5,27.46,C
1893,1,3,male,20.83653001,0,0,31.43,C
1894,0,2,male,1.306796773,5,0,125.4,S
1895,0,3,male,35.22947157,1,1,87.12,C
1896,1,3,male,50.37608277,3,1,7.43,S
1897,0,1,female,21.72574162,1,0,25.64,S
1898,0,3,male,36.16083901,2,1,142.03,C
1899,0,3,female,8.045979612,1,0,18.63,S
1900,1,3,male,36.40098289,0,0,18.58,Q
1901,0,2,male,24.49264783,0,0,8.68,S
1902,0,2,male,19.32614869,0,0,4.86,C
1903,1,3,male,19.35490902,0,0,53.93,S
1904,0,2,male,24.48943785,0,0,58.79,S
1905,1,3,male,35.35406642,0,0,138.97,S
1906,0,3,male,11.62971518,0,1,59.39,C
1907,1,3,male,24.44038536,4,5,11.15,S
1908,0,2,female,29.41939511,2,1,1.64,S
1909,0,3,male,14.61345086,0,0,169.17,S
1910,0,2,male,,0,0,16.65,S
1911,0,1,male,18.05106328,0,0,14.96,S
1912,1,2,female,20.62788321,0,0,94.56,S
1913,1,1,female,16.3036887,1,0,35.19,S
1914,0,3,male,55.17872122,0,0,9.68,S
1915,0,3,male,37.7406732,0,0,87.96,S
1916,1,2,male,16.88771191,1,0,200.59,S
1917,1,3,female,45.48724182,1,0,3.63,S
1918,0,2,female,32.80978172,0,0,79.29,S
1919,0,3,male,33.6015479,1,0,19.81,C
1920,0,3,male,25.17731908,0,0,29.7,S
1921,1,3,male,19.50817618,0,0,98.52,
1922,0,2,female,34.72872539,0,0,145.04,S
1923,0,3,male,22.36877878,0,0,12.16,S
1924,0,2,male,55.43457881,0,0,9.57,S
1925,1,3,male,12.22992453,0,1,3.36,S
1926,0,1,female,51.50619482,1,1,33,C
1927,0,3,female,28.44153612,1,0,0.55,S
1928,0,3,female,34.18720028,0,0,21.23,S
1929,1,3,male,41.66420873,0,0,,S
1930,0,1,female,21.17650987,1,0,20.78,S
1931,0,3,male,42.09947739,0,0,1.63,Q
1932,0,1,male,0.42,3,0,72.13,S
1933,0,3,male,19.92014653,0,0,9.42,Q
1934,0,1,female,17.0631207,0,1,15.92,S
1935,1,2,male,12.45091583,0,1,81.62,S
1936,1,3,female,26.99063227,0,0,54.86,S
1937,0,2,female,35.40049955,0,0,9.89,S
1938,1,1,male,39.83723998,0,0,2.98,S
1939,0,1,male,33.3722746,0,0,50.31,S
1940,0,2,male,20.68029149,0,5,19.82,S
1941,0,3,male,35.16623013,0,0,58.11,S
1942,0,3,male,31.73999973,0,0,23.57,S
1943,1,1,male,43.10478635,0,1,16.99,S
1944,1,2,female,40.87711384,0,1,24,C
1945,1,1,female,30.42666979,0,1,55.22,
1946,0,1,male,17.43845791,0,0,93,S
1947,0,3,male,20.85869782,1,0,,S
1948,0,3,male,22.30294897,0,0,29.7,S
1949,0,1,female,25.58627133,1,0,1.34,S
1950,0,1,female,33.75270599,0,4,25.28,S
1951,0,1,male,40.01244146,0,0,86.61,S
1952,0,3,male,29.2843383,0,2,17.95,S
1953,0,3,female,30.22574703,1,0,107.8,S
1954,1,1,male,32.00628827,0,1,39.84,S
1955,1,1,male,22.77732562,0,0,108.82,C
1956,1,3,male,,0,4,56.62,S
1957,1,3,male,5.423869438,0,0,4.37,S
1958,0,2,male,20.26790899,0,0,10.51,S
1959,1,1,female,36.62403635,0,1,20.05,C
1960,1,1,female,20.15923987,0,0,7.46,S
1961,0,3,male,,0,0,27.32,S
1962,0,2,female,36.53003802,0,4,25.5,Q
1963,1,1,male,37.28965295,1,0,,S
1964,0,3,female,14.88654007,1,0,22.75,S
1965,0,1,male,43.95883099,0,0,61.6,S
1966,0,3,female,45.78290125,0,1,113.83,C
1967,0,2,female,14.182102,2,0,83.82,C
1968,0,1,male,18.46628383,0,0,9.36,S
1969,0,3,female,46.67526956,0,0,27.41,S
1970,0,2,female,27.9440507,1,0,17.09,S
1971,0,3,female,0.42,0,0,20.42,S
1972,1,3,male,10.40445893,0,0,17.9,S
1973,0,2,female,26.50882525,2,0,70.03,
1974,0,3,female,13.7174029,0,0,24.07,Q
1975,0,2,male,24.21206721,1,0,29.67,C
1976,1,3,female,30.45354699,1,0,161.7,S
1977,0,2,male,50.47156446,3,0,2.47,S
1978,0,3,male,25.93364517,0,0,26.77,S
1979,1,1,male,45.01558519,0,0,59.5,S
1980,1,2,male,50.00264227,0,0,6.56,S
1981,0,3,male,50.08033537,0,0,37.82,S
1982,1,3,male,33.98656431,0,0,10.95,S
1983,0,1,female,2.51395193,0,0,80.82,S
1984,0,1,male,36.45154812,0,0,15.85,C
1985,0,3,male,44.67759843,0,0,15.96,S
1986,0,3,male,28.86506052,0,0,36.47,S
1987,1,1,male,54.42417418,1,2,,C
1988,0,3,female,42.03766986,1,0,13.41,S
1989,0,2,female,,2,0,21.56,S
1990,1,3,female,45.20932996,0,0,17.46,S
1991,1,1,male,34.66717792,3,0,,Q
1992,0,1,male,0.42,2,0,36.62,S
1993,0,3,male,23.01205468,0,0,33.45,S
1994,0,1,male,46.76035238,0,1,42.47,S
1995,1,3,male,18.69372124,0,0,14.71,S
1996,1,2,female,,0,0,5.41,S
1997,1,2,male,15.37229161,0,0,57.22,S
1998,0,2,female,54.97491633,0,0,76.09,Q
1999,0,3,male,53.5408944,1,0,11.88,Q
2000,0,1,male,17.62583547,0,0,20.91,S
